wall_time,node_id,device_ts,network_delay_s,avg_delay_s,congestion,ml_risk,risk_label,action,routing,ir_value,detected,battery_pct
1778414995.861961,N1,0.0,0.09260679448603307,0.09260679448603307,True,0.13523488079688184,LOW RISK,NORMAL,SHORTEST PATH,456,True,70.64149834720726
1778414995.861961,N2,0.0,0.0668624379198843,0.0668624379198843,False,0.20612015454656674,LOW RISK,NORMAL,SHORTEST PATH,762,False,74.27787594018248
1778414995.861961,N3,0.0,0.035015734431590104,0.035015734431590104,False,0.12100514987945488,LOW RISK,NORMAL,SHORTEST PATH,393,False,77.35339525171375
1778414996.861961,N1,1.0,0.050225964531361085,0.050225964531361085,False,0.09159273890426911,LOW RISK,NORMAL,SHORTEST PATH,434,True,84.41826567339727
1778414996.861961,N2,1.0,0.11541553944315017,0.11541553944315017,True,0.7911987751980476,HIGH RISK,NORMAL,SHORTEST PATH,184,False,96.35375714929415
1778414996.861961,N3,1.0,0.03893253720249981,0.03893253720249981,False,0.4811917019051496,LOW RISK,NORMAL,SHORTEST PATH,373,False,92.79665535342632
1778414997.861961,N1,2.0,0.03431317402730608,0.03431317402730608,False,0.6551935743064778,LOW RISK,NORMAL,SHORTEST PATH,293,False,93.45093942017729
1778414997.861961,N2,2.0,0.017255116784169876,0.017255116784169876,False,0.11247098521471999,LOW RISK,NORMAL,SHORTEST PATH,980,True,84.766293665243
1778414997.861961,N3,2.0,0.04842312311490643,0.04842312311490643,False,0.55351078129611,LOW RISK,NORMAL,SHORTEST PATH,422,False,98.95763317277402
1778414998.861961,N1,3.0,0.03787434400419231,0.03787434400419231,False,0.3598189063872683,LOW RISK,NORMAL,SHORTEST PATH,1002,False,67.41991666412463
1778414998.861961,N2,3.0,0.08358084620365182,0.08358084620365182,True,0.6785409502716042,LOW RISK,NORMAL,SHORTEST PATH,1003,True,73.18256424610095
1778414998.861961,N3,3.0,0.028487534152816914,0.028487534152816914,False,0.23512109195522457,LOW RISK,NORMAL,SHORTEST PATH,147,False,71.42400882218524
1778414999.861961,N1,4.0,0.024263675282653697,0.024263675282653697,False,0.049498020454187164,LOW RISK,NORMAL,SHORTEST PATH,427,True,63.05186653328457
1778414999.861961,N2,4.0,0.030864774470846974,0.030864774470846974,False,0.1808548900094512,LOW RISK,NORMAL,SHORTEST PATH,464,True,90.43599215001433
1778414999.861961,N3,4.0,0.11981063144507913,0.11981063144507913,True,0.4053828353714536,LOW RISK,NORMAL,SHORTEST PATH,710,True,60.266160442191165
1778415000.861961,N1,5.0,0.005506210322072441,0.005506210322072441,False,0.19942425235196193,LOW RISK,NORMAL,SHORTEST PATH,360,False,61.98429335584896
1778415000.861961,N2,5.0,0.010007519847436122,0.010007519847436122,False,0.12232475525870046,LOW RISK,NORMAL,SHORTEST PATH,863,False,98.77232063281022
1778415000.861961,N3,5.0,0.021263777047451735,0.021263777047451735,False,0.5682823022684779,LOW RISK,NORMAL,SHORTEST PATH,1004,False,78.34063173853934
1778415001.861961,N1,6.0,0.050576623091350276,0.050576623091350276,False,0.8881370998527008,HIGH RISK,NORMAL,SHORTEST PATH,94,False,85.56952102849314
1778415001.861961,N2,6.0,0.06997787599686785,0.06997787599686785,False,0.4191499088331574,LOW RISK,NORMAL,SHORTEST PATH,512,False,78.89209622221728
1778415001.861961,N3,6.0,0.08350499972102592,0.08350499972102592,True,0.6606570935544358,LOW RISK,NORMAL,SHORTEST PATH,806,False,64.10363576010998
1778415002.861961,N1,7.0,0.11511258660905341,0.11511258660905341,True,0.34618733293770654,LOW RISK,NORMAL,SHORTEST PATH,327,False,94.21280115808982
1778415002.861961,N2,7.0,0.09420903090583496,0.09420903090583496,True,0.05151597218539805,LOW RISK,NORMAL,SHORTEST PATH,465,False,61.8001736962991
1778415002.861961,N3,7.0,0.05604876550642182,0.05604876550642182,False,0.7390056900702343,HIGH RISK,NORMAL,SHORTEST PATH,843,False,84.48875720178303
1778415003.861961,N1,8.0,0.09459303105614807,0.09459303105614807,True,0.09330079528257051,LOW RISK,NORMAL,SHORTEST PATH,986,False,85.92555591530927
1778415003.861961,N2,8.0,0.07762375036620778,0.07762375036620778,False,0.27466591581385147,LOW RISK,NORMAL,SHORTEST PATH,174,False,97.3533413515555
1778415003.861961,N3,8.0,0.05820660340629466,0.05820660340629466,False,0.8841498692841531,HIGH RISK,NORMAL,SHORTEST PATH,150,False,77.5091389897863
1778415004.861961,N1,9.0,0.10819231912639805,0.10819231912639805,True,0.0659639549587493,LOW RISK,NORMAL,SHORTEST PATH,926,True,63.47787146584689
1778415004.861961,N2,9.0,0.03538789257770435,0.03538789257770435,False,0.4220841764267186,LOW RISK,NORMAL,SHORTEST PATH,694,False,94.63756874351355
1778415004.861961,N3,9.0,0.049755785542989914,0.049755785542989914,False,0.5605094010252968,LOW RISK,NORMAL,SHORTEST PATH,931,False,62.86835290407441
1778415005.861961,N1,10.0,0.03506959252580995,0.03506959252580995,False,0.7040903094029504,HIGH RISK,NORMAL,SHORTEST PATH,180,False,84.88864215921217
1778415005.861961,N2,10.0,0.029158803233135657,0.029158803233135657,False,0.7316313488745765,HIGH RISK,NORMAL,SHORTEST PATH,420,False,98.50752816236115
1778415005.861961,N3,10.0,0.07180828020540216,0.07180828020540216,False,0.5503950781611134,LOW RISK,NORMAL,SHORTEST PATH,466,False,82.41187635927967
1778415006.861961,N1,11.0,0.06183446947125804,0.06183446947125804,False,0.7560403988997726,HIGH RISK,NORMAL,SHORTEST PATH,509,False,78.87011229261245
1778415006.861961,N2,11.0,0.05969354537938523,0.05969354537938523,False,0.33429602469038633,LOW RISK,NORMAL,SHORTEST PATH,709,True,66.04880137348954
1778415006.861961,N3,11.0,0.05883020127314763,0.05883020127314763,False,0.4647635826578349,LOW RISK,NORMAL,SHORTEST PATH,916,True,85.73849188654309
1778415007.861961,N1,12.0,0.09921876748665355,0.09921876748665355,True,0.6447190168651779,LOW RISK,NORMAL,SHORTEST PATH,313,False,62.58043487915046
1778415007.861961,N2,12.0,0.10878085870275665,0.10878085870275665,True,0.7595696722436744,HIGH RISK,NORMAL,SHORTEST PATH,774,False,85.27223860476074
1778415007.861961,N3,12.0,0.06208644379428659,0.06208644379428659,False,0.23359839632396273,LOW RISK,NORMAL,SHORTEST PATH,322,False,71.83825735123332
1778415008.861961,N1,13.0,0.04183040780003028,0.04183040780003028,False,0.16550261743152195,LOW RISK,NORMAL,SHORTEST PATH,597,False,86.06199768304182
1778415008.861961,N2,13.0,0.10255404792805517,0.10255404792805517,True,0.6063625517636627,LOW RISK,NORMAL,SHORTEST PATH,981,False,91.83624772814535
1778415008.861961,N3,13.0,0.013492300051387518,0.013492300051387518,False,0.005754990124059001,LOW RISK,NORMAL,SHORTEST PATH,634,False,98.7967251925474
1778415009.861961,N1,14.0,0.032037628822302294,0.032037628822302294,False,0.9314965650535486,HIGH RISK,NORMAL,SHORTEST PATH,190,False,82.59643667810543
1778415009.861961,N2,14.0,0.013620349481418815,0.013620349481418815,False,0.6125029507202595,LOW RISK,NORMAL,SHORTEST PATH,647,False,94.14688987046675
1778415009.861961,N3,14.0,0.04927031509746801,0.04927031509746801,False,0.5882648573286169,LOW RISK,NORMAL,SHORTEST PATH,484,False,93.01456625103263
1778415010.861961,N1,15.0,0.020734662000435757,0.020734662000435757,False,0.6123320694791656,LOW RISK,NORMAL,SHORTEST PATH,533,False,70.76068549391013
1778415010.861961,N2,15.0,0.1048442367096127,0.1048442367096127,True,0.4095123071364255,LOW RISK,NORMAL,SHORTEST PATH,311,False,77.65523906743957
1778415010.861961,N3,15.0,0.07765269665075102,0.07765269665075102,False,0.5772305569907785,LOW RISK,NORMAL,SHORTEST PATH,666,False,83.9992327142614
1778415011.861961,N1,16.0,0.043493143935198805,0.043493143935198805,False,0.4731542139029441,LOW RISK,NORMAL,SHORTEST PATH,668,False,62.52800189299675
1778415011.861961,N2,16.0,0.007712062951657252,0.007712062951657252,False,0.2909685401112906,LOW RISK,NORMAL,SHORTEST PATH,904,False,63.43061692504967
1778415011.861961,N3,16.0,0.007614950999044936,0.007614950999044936,False,0.13741718044597528,LOW RISK,NORMAL,SHORTEST PATH,461,False,63.337764668232005
1778415012.861961,N1,17.0,0.07452737325960095,0.07452737325960095,False,0.43391503931385234,LOW RISK,NORMAL,SHORTEST PATH,635,False,86.41246604618985
1778415012.861961,N2,17.0,0.09011575687270384,0.09011575687270384,True,0.2638749309205426,LOW RISK,NORMAL,SHORTEST PATH,79,False,62.18201465902169
1778415012.861961,N3,17.0,0.10602281511821475,0.10602281511821475,True,0.048191360839990205,LOW RISK,NORMAL,SHORTEST PATH,944,False,76.023663144351
1778415013.861961,N1,18.0,0.04791212236715463,0.04791212236715463,False,0.7697737196827437,HIGH RISK,NORMAL,SHORTEST PATH,231,True,98.66116082985674
1778415013.861961,N2,18.0,0.03486000168865625,0.03486000168865625,False,0.2343081453046234,LOW RISK,NORMAL,SHORTEST PATH,840,False,74.9489463144197
1778415013.861961,N3,18.0,0.049847494700155766,0.049847494700155766,False,0.7835212672766815,HIGH RISK,NORMAL,SHORTEST PATH,549,False,71.86155349760338
1778415014.861961,N1,19.0,0.09122881324250678,0.09122881324250678,True,0.3105965733263224,LOW RISK,NORMAL,SHORTEST PATH,557,False,70.80690403425648
1778415014.861961,N2,19.0,0.07747692723612036,0.07747692723612036,False,0.5547330375744551,LOW RISK,NORMAL,SHORTEST PATH,458,False,65.47557422877183
1778415014.861961,N3,19.0,0.048670574756989174,0.048670574756989174,False,0.8826997560097719,HIGH RISK,NORMAL,SHORTEST PATH,793,False,68.80336222641239
1778415015.861961,N1,20.0,0.118458447131428,0.118458447131428,True,0.8643384031811535,HIGH RISK,NORMAL,SHORTEST PATH,328,True,82.30146348084423
1778415015.861961,N2,20.0,0.10091104480363346,0.10091104480363346,True,0.46034463816455384,LOW RISK,NORMAL,SHORTEST PATH,415,False,87.92402017597898
1778415015.861961,N3,20.0,0.11229351118393821,0.11229351118393821,True,0.02180480377008398,LOW RISK,NORMAL,SHORTEST PATH,576,False,80.78900134270293
1778415016.861961,N1,21.0,0.1086290615262472,0.1086290615262472,True,0.39681143236731475,LOW RISK,NORMAL,SHORTEST PATH,548,False,91.1753138819785
1778415016.861961,N2,21.0,0.033096689014508386,0.033096689014508386,False,0.18664279188685473,LOW RISK,NORMAL,SHORTEST PATH,539,False,79.15445506672783
1778415016.861961,N3,21.0,0.049154465951768596,0.049154465951768596,False,0.9702525178945264,HIGH RISK,NORMAL,SHORTEST PATH,381,False,68.79263528264386
1778415017.861961,N1,22.0,0.08415071422403221,0.08415071422403221,True,0.7942444978294462,HIGH RISK,NORMAL,SHORTEST PATH,853,False,77.54458843191543
1778415017.861961,N2,22.0,0.09479903669208803,0.09479903669208803,True,0.6931712879690904,LOW RISK,NORMAL,SHORTEST PATH,295,False,68.35917830094392
1778415017.861961,N3,22.0,0.04857387476822234,0.04857387476822234,False,0.8801671938100569,HIGH RISK,NORMAL,SHORTEST PATH,71,False,61.25909376832588
1778415018.861961,N1,23.0,0.06940853165353975,0.06940853165353975,False,0.21950427318093046,LOW RISK,NORMAL,SHORTEST PATH,532,False,94.52665149860742
1778415018.861961,N2,23.0,0.07054110206664974,0.07054110206664974,False,0.4153155541772793,LOW RISK,NORMAL,SHORTEST PATH,676,False,70.75113507293999
1778415018.861961,N3,23.0,0.01912394589425006,0.01912394589425006,False,0.5560970844977767,LOW RISK,NORMAL,SHORTEST PATH,321,False,91.23937479118965
1778415019.861961,N1,24.0,0.05391237529668403,0.05391237529668403,False,0.2135819567048839,LOW RISK,NORMAL,SHORTEST PATH,487,False,96.41208741297939
1778415019.861961,N2,24.0,0.06283264447387603,0.06283264447387603,False,0.9695683692210346,HIGH RISK,NORMAL,SHORTEST PATH,128,True,88.34592836000706
1778415019.861961,N3,24.0,0.05442753735824534,0.05442753735824534,False,0.3894231201419476,LOW RISK,NORMAL,SHORTEST PATH,506,False,91.26379226107957
1778415020.861961,N1,25.0,0.0746742444047531,0.0746742444047531,False,0.19330782473420993,LOW RISK,NORMAL,SHORTEST PATH,665,False,63.270342511630204
1778415020.861961,N2,25.0,0.115101261506264,0.115101261506264,True,0.653518903223933,LOW RISK,NORMAL,SHORTEST PATH,373,False,96.4121680254514
1778415020.861961,N3,25.0,0.036181331510762894,0.036181331510762894,False,0.4573233339443804,LOW RISK,NORMAL,SHORTEST PATH,731,False,74.39381815842216
1778415021.861961,N1,26.0,0.027363784033268237,0.027363784033268237,False,0.3231064486896976,LOW RISK,NORMAL,SHORTEST PATH,926,False,98.98151526964739
1778415021.861961,N2,26.0,0.0942655054285311,0.0942655054285311,True,0.4873825896466266,LOW RISK,NORMAL,SHORTEST PATH,104,False,93.11783515916517
1778415021.861961,N3,26.0,0.10369133250262264,0.10369133250262264,True,0.44413323512591407,LOW RISK,NORMAL,SHORTEST PATH,832,False,84.51881954145861
1778415022.861961,N1,27.0,0.046883934582203975,0.046883934582203975,False,0.09640500983213984,LOW RISK,NORMAL,SHORTEST PATH,881,False,98.88687370139229
1778415022.861961,N2,27.0,0.012997612196723875,0.012997612196723875,False,0.5486937366541683,LOW RISK,NORMAL,SHORTEST PATH,634,False,74.8892593550399
1778415022.861961,N3,27.0,0.08790731188591347,0.08790731188591347,True,0.6224855069864073,LOW RISK,NORMAL,SHORTEST PATH,399,False,93.98833113198639
1778415023.861961,N1,28.0,0.0985399974167899,0.0985399974167899,True,0.12734207281311105,LOW RISK,NORMAL,SHORTEST PATH,599,False,67.11930033283087
1778415023.861961,N2,28.0,0.08557677445095983,0.08557677445095983,True,0.3349221152267091,LOW RISK,NORMAL,SHORTEST PATH,706,False,83.98257039554501
1778415023.861961,N3,28.0,0.04118138563476705,0.04118138563476705,False,0.33127257036632296,LOW RISK,NORMAL,SHORTEST PATH,911,False,86.08839188922444
1778415024.861961,N1,29.0,0.05547568186688332,0.05547568186688332,False,0.023639734007272373,LOW RISK,NORMAL,SHORTEST PATH,80,False,78.54469698581808
1778415024.861961,N2,29.0,0.04155010807699558,0.04155010807699558,False,0.9431096768693308,HIGH RISK,NORMAL,SHORTEST PATH,131,False,93.96036021507166
1778415024.861961,N3,29.0,0.10680840856079003,0.10680840856079003,True,0.3488653157338085,LOW RISK,NORMAL,SHORTEST PATH,311,False,70.8439490276084
1778415025.861961,N1,30.0,0.08910665765911956,0.08910665765911956,True,0.8823024842991056,HIGH RISK,NORMAL,SHORTEST PATH,901,False,92.81246471141512
1778415025.861961,N2,30.0,0.026399101345590942,0.026399101345590942,False,0.4516787358934913,LOW RISK,NORMAL,SHORTEST PATH,610,False,71.79401144613811
1778415025.861961,N3,30.0,0.03240389517378952,0.03240389517378952,False,0.2353644138268487,LOW RISK,NORMAL,SHORTEST PATH,238,False,99.95851410346063
1778415026.861961,N1,31.0,0.083579011467659,0.083579011467659,True,0.08822382617059155,LOW RISK,NORMAL,SHORTEST PATH,800,False,89.0708033277451
1778415026.861961,N2,31.0,0.04306952803879501,0.04306952803879501,False,0.9403322115787154,HIGH RISK,NORMAL,SHORTEST PATH,825,False,92.4030979375332
1778415026.861961,N3,31.0,0.08984095010214116,0.08984095010214116,True,0.92366709718159,HIGH RISK,NORMAL,SHORTEST PATH,841,False,78.13183492976252
1778415027.861961,N1,32.0,0.06785479618330219,0.06785479618330219,False,0.8843328031878616,HIGH RISK,NORMAL,SHORTEST PATH,982,False,69.41834789615805
1778415027.861961,N2,32.0,0.0954086750798665,0.0954086750798665,True,0.7925309350776786,HIGH RISK,NORMAL,SHORTEST PATH,447,False,82.05003741509364
1778415027.861961,N3,32.0,0.007747186953207193,0.007747186953207193,False,0.15564214781157404,LOW RISK,NORMAL,SHORTEST PATH,240,False,83.78492028657155
1778415028.861961,N1,33.0,0.06425009627403187,0.06425009627403187,False,0.5700188070908505,LOW RISK,NORMAL,SHORTEST PATH,104,False,60.64493949422533
1778415028.861961,N2,33.0,0.008409587802277227,0.008409587802277227,False,0.453841002570858,LOW RISK,NORMAL,SHORTEST PATH,239,False,81.43843157827094
1778415028.861961,N3,33.0,0.026771862828647384,0.026771862828647384,False,0.9083939483872882,HIGH RISK,NORMAL,SHORTEST PATH,1,False,98.28294153572017
1778415029.861961,N1,34.0,0.08081806912281098,0.08081806912281098,True,0.7802243641563819,HIGH RISK,NORMAL,SHORTEST PATH,136,False,70.04640538843616
1778415029.861961,N2,34.0,0.034350447552587635,0.034350447552587635,False,0.16863528408054196,LOW RISK,NORMAL,SHORTEST PATH,5,True,65.19504677209221
1778415029.861961,N3,34.0,0.045962495633507836,0.045962495633507836,False,0.5213791728404297,LOW RISK,NORMAL,SHORTEST PATH,853,True,87.01724393037487
1778415030.861961,N1,35.0,0.07490024957724825,0.07490024957724825,False,0.6052974547626603,LOW RISK,NORMAL,SHORTEST PATH,522,False,78.69406034707296
1778415030.861961,N2,35.0,0.06295219685336823,0.06295219685336823,False,0.1379677121445093,LOW RISK,NORMAL,SHORTEST PATH,441,False,71.00089226161893
1778415030.861961,N3,35.0,0.09761388340579553,0.09761388340579553,True,0.9694064002979909,HIGH RISK,NORMAL,SHORTEST PATH,804,False,94.52193836636778
1778415031.861961,N1,36.0,0.04364410763583468,0.04364410763583468,False,0.553963041829167,LOW RISK,NORMAL,SHORTEST PATH,527,False,96.73295255366386
1778415031.861961,N2,36.0,0.03398295194223032,0.03398295194223032,False,0.24393496617404908,LOW RISK,NORMAL,SHORTEST PATH,943,False,72.94914788609354
1778415031.861961,N3,36.0,0.1199401698203491,0.1199401698203491,True,0.720876437522168,HIGH RISK,NORMAL,SHORTEST PATH,32,True,85.77587704128683
1778415032.861961,N1,37.0,0.06209568072414493,0.06209568072414493,False,0.29953384923956705,LOW RISK,NORMAL,SHORTEST PATH,485,False,62.5432553071229
1778415032.861961,N2,37.0,0.07044077289516183,0.07044077289516183,False,0.9384247256181747,HIGH RISK,NORMAL,SHORTEST PATH,438,False,81.2703430013795
1778415032.861961,N3,37.0,0.034722583993211285,0.034722583993211285,False,0.3720089015306536,LOW RISK,NORMAL,SHORTEST PATH,162,False,84.51366401374091
1778415033.861961,N1,38.0,0.031990789356247024,0.031990789356247024,False,0.6880798068231608,LOW RISK,NORMAL,SHORTEST PATH,117,False,61.42797474922617
1778415033.861961,N2,38.0,0.05662605175848167,0.05662605175848167,False,0.9808906801191175,HIGH RISK,NORMAL,SHORTEST PATH,685,True,95.30890496779712
1778415033.861961,N3,38.0,0.035356898295169546,0.035356898295169546,False,0.4256734431201986,LOW RISK,NORMAL,SHORTEST PATH,750,False,99.09912156729297
1778415034.861961,N1,39.0,0.03457584345233396,0.03457584345233396,False,0.1450848301532972,LOW RISK,NORMAL,SHORTEST PATH,653,False,78.98067246126558
1778415034.861961,N2,39.0,0.02523248445330886,0.02523248445330886,False,0.9177741026321505,HIGH RISK,NORMAL,SHORTEST PATH,877,True,71.24550951029084
1778415034.861961,N3,39.0,0.05101702327332588,0.05101702327332588,False,0.43002435233166747,LOW RISK,NORMAL,SHORTEST PATH,265,False,78.24824773412035
1778415035.861961,N1,40.0,0.006910253069111578,0.006910253069111578,False,0.7028177754231042,HIGH RISK,NORMAL,SHORTEST PATH,536,True,86.72417959526231
1778415035.861961,N2,40.0,0.005881252301560372,0.005881252301560372,False,0.31915943777754463,LOW RISK,NORMAL,SHORTEST PATH,531,False,61.334820892264645
1778415035.861961,N3,40.0,0.05379152545426263,0.05379152545426263,False,0.13075322609710138,LOW RISK,NORMAL,SHORTEST PATH,451,False,74.5206257797497
1778415036.861961,N1,41.0,0.05397737460623657,0.05397737460623657,False,0.9262749019524981,HIGH RISK,NORMAL,SHORTEST PATH,960,False,96.87191633466485
1778415036.861961,N2,41.0,0.03709276945832591,0.03709276945832591,False,0.7526094074904618,HIGH RISK,NORMAL,SHORTEST PATH,388,True,94.0137432210926
1778415036.861961,N3,41.0,0.05612441863027879,0.05612441863027879,False,0.5189551013306097,LOW RISK,NORMAL,SHORTEST PATH,267,True,87.66183255448536
1778415037.861961,N1,42.0,0.026212892124405526,0.026212892124405526,False,0.5132141673278885,LOW RISK,NORMAL,SHORTEST PATH,508,False,81.92614358325437
1778415037.861961,N2,42.0,0.0757573208452803,0.0757573208452803,False,0.07908635941633191,LOW RISK,NORMAL,SHORTEST PATH,692,False,69.94279430011441
1778415037.861961,N3,42.0,0.11928456825369207,0.11928456825369207,True,0.40137340398857213,LOW RISK,NORMAL,SHORTEST PATH,891,False,88.8660406357811
1778415038.861961,N1,43.0,0.049731181820347276,0.049731181820347276,False,0.9157127270943879,HIGH RISK,NORMAL,SHORTEST PATH,596,True,88.27069505680774
1778415038.861961,N2,43.0,0.050525431044101475,0.050525431044101475,False,0.8373852528457254,HIGH RISK,NORMAL,SHORTEST PATH,731,False,78.35443870684269
1778415038.861961,N3,43.0,0.10209016121942191,0.10209016121942191,True,0.587932224532454,LOW RISK,NORMAL,SHORTEST PATH,927,False,62.57455201128527
1778415039.861961,N1,44.0,0.060957190773839515,0.060957190773839515,False,0.6907091234152057,LOW RISK,NORMAL,SHORTEST PATH,754,False,75.85367316014433
1778415039.861961,N2,44.0,0.055379532206757134,0.055379532206757134,False,0.16739802394050796,LOW RISK,NORMAL,SHORTEST PATH,641,True,83.99351405130795
1778415039.861961,N3,44.0,0.10485151907406072,0.10485151907406072,True,0.42197368823753156,LOW RISK,NORMAL,SHORTEST PATH,93,True,98.92019660799149
1778415040.861961,N1,45.0,0.07602565528065164,0.07602565528065164,False,0.7764014428042061,HIGH RISK,NORMAL,SHORTEST PATH,331,False,94.56043073750634
1778415040.861961,N2,45.0,0.06496887717942953,0.06496887717942953,False,0.15627054192312928,LOW RISK,NORMAL,SHORTEST PATH,588,False,76.08836731351184
1778415040.861961,N3,45.0,0.11041663362205258,0.11041663362205258,True,0.5453305195377774,LOW RISK,NORMAL,SHORTEST PATH,358,False,64.1675116879076
1778415041.861961,N1,46.0,0.05757363450933684,0.05757363450933684,False,0.8741904846374684,HIGH RISK,NORMAL,SHORTEST PATH,577,False,70.3863593282687
1778415041.861961,N2,46.0,0.10499240950878284,0.10499240950878284,True,0.9311478977556651,HIGH RISK,NORMAL,SHORTEST PATH,834,False,75.52959072142986
1778415041.861961,N3,46.0,0.019097715232236717,0.019097715232236717,False,0.8674533861689631,HIGH RISK,NORMAL,SHORTEST PATH,503,False,91.88055783937179
1778415042.861961,N1,47.0,0.10150160651033413,0.10150160651033413,True,0.2626347751856659,LOW RISK,NORMAL,SHORTEST PATH,855,True,97.02489779846746
1778415042.861961,N2,47.0,0.05350097429477388,0.05350097429477388,False,0.31570843437798835,LOW RISK,NORMAL,SHORTEST PATH,139,False,98.08911111571847
1778415042.861961,N3,47.0,0.005962581613965924,0.005962581613965924,False,0.15691187263336026,LOW RISK,NORMAL,SHORTEST PATH,118,False,62.09111510199025
1778415043.861961,N1,48.0,0.03017865728739503,0.03017865728739503,False,0.2328027504599428,LOW RISK,NORMAL,SHORTEST PATH,742,False,87.32139871365152
1778415043.861961,N2,48.0,0.02079545814130974,0.02079545814130974,False,0.49697198423382494,LOW RISK,NORMAL,SHORTEST PATH,248,True,92.3669467637713
1778415043.861961,N3,48.0,0.06781886060757512,0.06781886060757512,False,0.887046783928695,HIGH RISK,NORMAL,SHORTEST PATH,800,False,97.51530265241713
1778415044.861961,N1,49.0,0.0663938548325428,0.0663938548325428,False,0.4349134897359379,LOW RISK,NORMAL,SHORTEST PATH,609,False,68.57047118805664
1778415044.861961,N2,49.0,0.05138639234329929,0.05138639234329929,False,0.09015306726540295,LOW RISK,NORMAL,SHORTEST PATH,252,False,84.1008632362404
1778415044.861961,N3,49.0,0.013390300018584433,0.013390300018584433,False,0.9839875416781709,HIGH RISK,NORMAL,SHORTEST PATH,54,False,61.64702588902878
1778415045.861961,N1,50.0,0.011639817037510786,0.011639817037510786,False,0.08529526463882509,LOW RISK,NORMAL,SHORTEST PATH,363,False,68.01575939032062
1778415045.861961,N2,50.0,0.0680576115874645,0.0680576115874645,False,0.2692573275584227,LOW RISK,NORMAL,SHORTEST PATH,462,False,81.24421589018968
1778415045.861961,N3,50.0,0.10875925683093415,0.10875925683093415,True,0.24871840838277015,LOW RISK,NORMAL,SHORTEST PATH,857,False,73.4578520516859
1778415046.861961,N1,51.0,0.06460345021504767,0.06460345021504767,False,0.8294973545480201,HIGH RISK,NORMAL,SHORTEST PATH,565,False,91.43463984945
1778415046.861961,N2,51.0,0.04345594148579488,0.04345594148579488,False,0.6872986331947872,LOW RISK,NORMAL,SHORTEST PATH,381,False,93.0519332932647
1778415046.861961,N3,51.0,0.08053653542645094,0.08053653542645094,True,0.0526759268921676,LOW RISK,NORMAL,SHORTEST PATH,384,False,82.68236610894914
1778415047.861961,N1,52.0,0.0627449112794564,0.0627449112794564,False,0.4655345437582371,LOW RISK,NORMAL,SHORTEST PATH,529,False,84.95037325553604
1778415047.861961,N2,52.0,0.05896945901593646,0.05896945901593646,False,0.0851636136109718,LOW RISK,NORMAL,SHORTEST PATH,276,False,87.56167969264749
1778415047.861961,N3,52.0,0.11291595530211378,0.11291595530211378,True,0.9750889325787576,HIGH RISK,NORMAL,SHORTEST PATH,164,False,63.232148204383854
1778415048.861961,N1,53.0,0.09050668440575757,0.09050668440575757,True,0.11432060469836536,LOW RISK,NORMAL,SHORTEST PATH,705,True,61.914094637108114
1778415048.861961,N2,53.0,0.1192577381021577,0.1192577381021577,True,0.7004313024742913,HIGH RISK,NORMAL,SHORTEST PATH,360,False,93.79786175055702
1778415048.861961,N3,53.0,0.08940214800922013,0.08940214800922013,True,0.741695954694291,HIGH RISK,NORMAL,SHORTEST PATH,786,False,78.5773604334513
1778415049.861961,N1,54.0,0.04594397077711087,0.04594397077711087,False,0.19242574040348004,LOW RISK,NORMAL,SHORTEST PATH,939,False,96.55631756434792
1778415049.861961,N2,54.0,0.0054371754068718095,0.0054371754068718095,False,0.06531626537476032,LOW RISK,NORMAL,SHORTEST PATH,877,False,65.23764203608867
1778415049.861961,N3,54.0,0.11702942345997715,0.11702942345997715,True,0.3405788302488709,LOW RISK,NORMAL,SHORTEST PATH,579,False,71.7020886439465
1778415050.861961,N1,55.0,0.0526616193115703,0.0526616193115703,False,0.8204404617989597,HIGH RISK,NORMAL,SHORTEST PATH,609,False,76.21046651342834
1778415050.861961,N2,55.0,0.013732518706863473,0.013732518706863473,False,0.6598956752537118,LOW RISK,NORMAL,SHORTEST PATH,369,False,75.24199403159528
1778415050.861961,N3,55.0,0.045039542615672654,0.045039542615672654,False,0.12479367775314476,LOW RISK,NORMAL,SHORTEST PATH,72,True,98.47477894250001
1778415051.861961,N1,56.0,0.012912076100537389,0.012912076100537389,False,0.8538397821639612,HIGH RISK,NORMAL,SHORTEST PATH,964,False,87.31103771597652
1778415051.861961,N2,56.0,0.10109018938539048,0.10109018938539048,True,0.8339204620346686,HIGH RISK,NORMAL,SHORTEST PATH,524,False,97.11522158653679
1778415051.861961,N3,56.0,0.09531244137421871,0.09531244137421871,True,0.2218377597125084,LOW RISK,NORMAL,SHORTEST PATH,353,False,81.27564499935878
1778415052.861961,N1,57.0,0.07106758117777259,0.07106758117777259,False,0.5834788713433589,LOW RISK,NORMAL,SHORTEST PATH,740,True,62.19719752392271
1778415052.861961,N2,57.0,0.03127594758759649,0.03127594758759649,False,0.9513324633073363,HIGH RISK,NORMAL,SHORTEST PATH,120,False,60.6562527205036
1778415052.861961,N3,57.0,0.08416135831855352,0.08416135831855352,True,0.6859395429311514,LOW RISK,NORMAL,SHORTEST PATH,1014,False,84.69284042025599
1778415053.861961,N1,58.0,0.06037423445525944,0.06037423445525944,False,0.46074425309200917,LOW RISK,NORMAL,SHORTEST PATH,830,False,73.6821980708812
1778415053.861961,N2,58.0,0.008637955891923937,0.008637955891923937,False,0.21065434454639864,LOW RISK,NORMAL,SHORTEST PATH,997,False,92.6036347619868
1778415053.861961,N3,58.0,0.04681698216013679,0.04681698216013679,False,0.7551231706214647,HIGH RISK,NORMAL,SHORTEST PATH,225,True,67.26543725231782
1778415054.861961,N1,59.0,0.04210229389125473,0.04210229389125473,False,0.3289952873380625,LOW RISK,NORMAL,SHORTEST PATH,904,True,90.4689133053179
1778415054.861961,N2,59.0,0.08074794944328847,0.08074794944328847,True,0.6168439211227464,LOW RISK,NORMAL,SHORTEST PATH,517,True,72.88274523296485
1778415054.861961,N3,59.0,0.10728180816511632,0.10728180816511632,True,0.6570937739264372,LOW RISK,NORMAL,SHORTEST PATH,408,False,88.05098120083358
1778415055.861961,N1,60.0,0.042006253028613494,0.042006253028613494,False,0.852076856732118,HIGH RISK,NORMAL,SHORTEST PATH,827,False,69.1130465802302
1778415055.861961,N2,60.0,0.047832821455011706,0.047832821455011706,False,0.08784999403198246,LOW RISK,NORMAL,SHORTEST PATH,245,False,90.76669977003631
1778415055.861961,N3,60.0,0.09302300324723999,0.09302300324723999,True,0.2873504760891529,LOW RISK,NORMAL,SHORTEST PATH,116,True,98.5575280471861
1778415056.861961,N1,61.0,0.08347996000414816,0.08347996000414816,True,0.5009859464382017,LOW RISK,NORMAL,SHORTEST PATH,583,False,79.31534388999721
1778415056.861961,N2,61.0,0.05794352675362603,0.05794352675362603,False,0.1635798685399389,LOW RISK,NORMAL,SHORTEST PATH,818,False,84.33515619646985
1778415056.861961,N3,61.0,0.10585263568125647,0.10585263568125647,True,0.09544596717148413,LOW RISK,NORMAL,SHORTEST PATH,117,False,96.66691081499351
1778415057.861961,N1,62.0,0.08111732903041972,0.08111732903041972,True,0.6263196339279452,LOW RISK,NORMAL,SHORTEST PATH,816,True,62.38840059723946
1778415057.861961,N2,62.0,0.10982157350815579,0.10982157350815579,True,0.5930158624281089,LOW RISK,NORMAL,SHORTEST PATH,885,False,69.90680972803628
1778415057.861961,N3,62.0,0.07351165678657694,0.07351165678657694,False,0.8739755498764619,HIGH RISK,NORMAL,SHORTEST PATH,77,False,72.5286459085447
1778415058.861961,N1,63.0,0.046240572901183954,0.046240572901183954,False,0.7507004581852901,HIGH RISK,NORMAL,SHORTEST PATH,1006,True,87.0070520782474
1778415058.861961,N2,63.0,0.023319773966681088,0.023319773966681088,False,0.36157147619578023,LOW RISK,NORMAL,SHORTEST PATH,801,False,73.05301465717542
1778415058.861961,N3,63.0,0.040155381832706706,0.040155381832706706,False,0.7810895694120875,HIGH RISK,NORMAL,SHORTEST PATH,755,False,81.17384940648373
1778415059.861961,N1,64.0,0.021857088134386072,0.021857088134386072,False,0.6681392195765452,LOW RISK,NORMAL,SHORTEST PATH,704,False,84.8153227793805
1778415059.861961,N2,64.0,0.0068421662363772374,0.0068421662363772374,False,0.407310365557055,LOW RISK,NORMAL,SHORTEST PATH,773,True,72.53999765376076
1778415059.861961,N3,64.0,0.1174964550073053,0.1174964550073053,True,0.8679646229246251,HIGH RISK,NORMAL,SHORTEST PATH,705,False,99.2189495905167
1778415060.861961,N1,65.0,0.034013904629764224,0.034013904629764224,False,0.3977441070673635,LOW RISK,NORMAL,SHORTEST PATH,270,False,66.980872449379
1778415060.861961,N2,65.0,0.10634868191426312,0.10634868191426312,True,0.7058107756469925,HIGH RISK,NORMAL,SHORTEST PATH,541,False,89.39650505512095
1778415060.861961,N3,65.0,0.11367955628040004,0.11367955628040004,True,0.1688483661435155,LOW RISK,NORMAL,SHORTEST PATH,767,True,68.80582680338797
1778415061.861961,N1,66.0,0.08646147818067562,0.08646147818067562,True,0.7869638974723893,HIGH RISK,NORMAL,SHORTEST PATH,518,False,96.98202620595545
1778415061.861961,N2,66.0,0.09453011851687175,0.09453011851687175,True,0.8913898946866845,HIGH RISK,NORMAL,SHORTEST PATH,472,True,74.46931231979137
1778415061.861961,N3,66.0,0.0820744051137119,0.0820744051137119,True,0.9383725473828909,HIGH RISK,NORMAL,SHORTEST PATH,470,False,61.71636831177227
1778415062.861961,N1,67.0,0.0902799464468788,0.0902799464468788,True,0.16051649852347982,LOW RISK,NORMAL,SHORTEST PATH,138,True,96.30088449131674
1778415062.861961,N2,67.0,0.04668994983126531,0.04668994983126531,False,0.9670665951136029,HIGH RISK,NORMAL,SHORTEST PATH,542,False,60.73535913528957
1778415062.861961,N3,67.0,0.06679035021762322,0.06679035021762322,False,0.8546106316697958,HIGH RISK,NORMAL,SHORTEST PATH,230,False,62.81302638359755
1778415063.861961,N1,68.0,0.03200334419929284,0.03200334419929284,False,0.9838110772049364,HIGH RISK,NORMAL,SHORTEST PATH,921,True,68.66529396733614
1778415063.861961,N2,68.0,0.02715178704371041,0.02715178704371041,False,0.48762259838875865,LOW RISK,NORMAL,SHORTEST PATH,529,False,75.16382471625579
1778415063.861961,N3,68.0,0.013979501867331948,0.013979501867331948,False,0.8795299832424738,HIGH RISK,NORMAL,SHORTEST PATH,772,False,67.83637354829222
1778415064.861961,N1,69.0,0.1107464471252637,0.1107464471252637,True,0.15080358824795026,LOW RISK,NORMAL,SHORTEST PATH,293,False,93.2262671029443
1778415064.861961,N2,69.0,0.10379189294548709,0.10379189294548709,True,0.6745999079118669,LOW RISK,NORMAL,SHORTEST PATH,362,False,72.8736449390808
1778415064.861961,N3,69.0,0.11768450410394762,0.11768450410394762,True,0.49139408784668215,LOW RISK,NORMAL,SHORTEST PATH,796,True,66.50153375815786
1778415065.861961,N1,70.0,0.054870365907251986,0.054870365907251986,False,0.3702077093674717,LOW RISK,NORMAL,SHORTEST PATH,95,False,63.04723481463452
1778415065.861961,N2,70.0,0.052048053818665826,0.052048053818665826,False,0.7982731897859252,HIGH RISK,NORMAL,SHORTEST PATH,1017,False,92.28578530958691
1778415065.861961,N3,70.0,0.030084903125267876,0.030084903125267876,False,0.27743364906978063,LOW RISK,NORMAL,SHORTEST PATH,966,False,60.88885126160552
1778415066.861961,N1,71.0,0.055131579241063294,0.055131579241063294,False,0.8001201383766342,HIGH RISK,NORMAL,SHORTEST PATH,653,False,95.80041821846031
1778415066.861961,N2,71.0,0.0471727044140462,0.0471727044140462,False,0.4423294501507332,LOW RISK,NORMAL,SHORTEST PATH,18,True,68.3835119700808
1778415066.861961,N3,71.0,0.031419173221175115,0.031419173221175115,False,0.22076900370535124,LOW RISK,NORMAL,SHORTEST PATH,904,False,76.23619086843036
1778415067.861961,N1,72.0,0.011033795766951971,0.011033795766951971,False,0.7724064611247539,HIGH RISK,NORMAL,SHORTEST PATH,144,False,95.56060647373337
1778415067.861961,N2,72.0,0.041188657608835916,0.041188657608835916,False,0.48718001146199164,LOW RISK,NORMAL,SHORTEST PATH,150,False,65.66704945854559
1778415067.861961,N3,72.0,0.03784750809827756,0.03784750809827756,False,0.7363963282766837,HIGH RISK,NORMAL,SHORTEST PATH,675,False,92.82607776823605
1778415068.861961,N1,73.0,0.03147620896684725,0.03147620896684725,False,0.5898649223507998,LOW RISK,NORMAL,SHORTEST PATH,72,True,89.84594968528776
1778415068.861961,N2,73.0,0.06785538179683658,0.06785538179683658,False,0.3825577000833461,LOW RISK,NORMAL,SHORTEST PATH,727,False,70.78401115673707
1778415068.861961,N3,73.0,0.013944152248209288,0.013944152248209288,False,0.47232336273520603,LOW RISK,NORMAL,SHORTEST PATH,861,False,90.01272389525965
1778415069.861961,N1,74.0,0.07596216185197806,0.07596216185197806,False,0.026151707324622575,LOW RISK,NORMAL,SHORTEST PATH,933,False,89.30322791280716
1778415069.861961,N2,74.0,0.026121828176925228,0.026121828176925228,False,0.7038404423602149,HIGH RISK,NORMAL,SHORTEST PATH,208,False,91.29084860478636
1778415069.861961,N3,74.0,0.077129358944233,0.077129358944233,False,0.9229350785791753,HIGH RISK,NORMAL,SHORTEST PATH,318,False,65.50944845406742
1778415070.861961,N1,75.0,0.07269325843672583,0.07269325843672583,False,0.0746573535052002,LOW RISK,NORMAL,SHORTEST PATH,61,False,62.17143640601637
1778415070.861961,N2,75.0,0.0662135894993606,0.0662135894993606,False,0.0960497463281359,LOW RISK,NORMAL,SHORTEST PATH,118,False,91.8922012655446
1778415070.861961,N3,75.0,0.039900627137609744,0.039900627137609744,False,0.9417960683344726,HIGH RISK,NORMAL,SHORTEST PATH,525,False,80.75626734513973
1778415071.861961,N1,76.0,0.08426708606495667,0.08426708606495667,True,0.7788115494253655,HIGH RISK,NORMAL,SHORTEST PATH,1023,False,75.06349147166813
1778415071.861961,N2,76.0,0.074214416208408,0.074214416208408,False,0.6207280709733014,LOW RISK,NORMAL,SHORTEST PATH,380,True,90.04054494464319
1778415071.861961,N3,76.0,0.05559044266569406,0.05559044266569406,False,0.4147639888432876,LOW RISK,NORMAL,SHORTEST PATH,209,False,79.32176269525706
1778415072.861961,N1,77.0,0.10239987766596922,0.10239987766596922,True,0.657169313746026,LOW RISK,NORMAL,SHORTEST PATH,221,True,75.07163674748149
1778415072.861961,N2,77.0,0.052470967078465804,0.052470967078465804,False,0.928997231480387,HIGH RISK,NORMAL,SHORTEST PATH,491,False,88.0228326740951
1778415072.861961,N3,77.0,0.11474341533955824,0.11474341533955824,True,0.5366233486790998,LOW RISK,NORMAL,SHORTEST PATH,767,False,89.8133286656399
1778415073.861961,N1,78.0,0.09435828291855405,0.09435828291855405,True,0.17036626335491745,LOW RISK,NORMAL,SHORTEST PATH,1023,False,70.21674170545663
1778415073.861961,N2,78.0,0.034819848495242896,0.034819848495242896,False,0.7016380402564841,HIGH RISK,NORMAL,SHORTEST PATH,487,True,72.79081479372961
1778415073.861961,N3,78.0,0.07606988418560999,0.07606988418560999,False,0.7287266936438753,HIGH RISK,NORMAL,SHORTEST PATH,824,False,77.57790947153919
1778415074.861961,N1,79.0,0.08499063789652396,0.08499063789652396,True,0.35670956235349305,LOW RISK,NORMAL,SHORTEST PATH,59,False,94.83609496919726
1778415074.861961,N2,79.0,0.11334538467828834,0.11334538467828834,True,0.6963287969471139,LOW RISK,NORMAL,SHORTEST PATH,466,False,60.769015975993156
1778415074.861961,N3,79.0,0.10864966940913004,0.10864966940913004,True,0.056440359666151796,LOW RISK,NORMAL,SHORTEST PATH,208,False,86.52185545669934
1778415075.861961,N1,80.0,0.013404895856732501,0.013404895856732501,False,0.1987578141660088,LOW RISK,NORMAL,SHORTEST PATH,754,False,95.25255970404481
1778415075.861961,N2,80.0,0.020485401980666517,0.020485401980666517,False,0.765555880381371,HIGH RISK,NORMAL,SHORTEST PATH,17,True,71.58564562086667
1778415075.861961,N3,80.0,0.10455379506646878,0.10455379506646878,True,0.0905974917735437,LOW RISK,NORMAL,SHORTEST PATH,824,False,81.54178762341175
1778415076.861961,N1,81.0,0.02281073570136822,0.02281073570136822,False,0.6548928618734735,LOW RISK,NORMAL,SHORTEST PATH,419,False,80.49405094634103
1778415076.861961,N2,81.0,0.07908325917062577,0.07908325917062577,False,0.479939640915954,LOW RISK,NORMAL,SHORTEST PATH,754,False,95.28408755303207
1778415076.861961,N3,81.0,0.07238215090238152,0.07238215090238152,False,0.49306421556535285,LOW RISK,NORMAL,SHORTEST PATH,904,False,68.33884105816293
1778415077.861961,N1,82.0,0.05319833931228005,0.05319833931228005,False,0.7772312458126651,HIGH RISK,NORMAL,SHORTEST PATH,263,False,89.83615093522367
1778415077.861961,N2,82.0,0.03553548293746192,0.03553548293746192,False,0.9359499599533122,HIGH RISK,NORMAL,SHORTEST PATH,866,True,88.5926349993699
1778415077.861961,N3,82.0,0.011506103556496367,0.011506103556496367,False,0.45220038446671684,LOW RISK,NORMAL,SHORTEST PATH,774,True,73.97238387736009
1778415078.861961,N1,83.0,0.04100052468200671,0.04100052468200671,False,0.43543204854172424,LOW RISK,NORMAL,SHORTEST PATH,480,False,78.96536323388209
1778415078.861961,N2,83.0,0.02474748296656028,0.02474748296656028,False,0.43518757841326305,LOW RISK,NORMAL,SHORTEST PATH,528,False,68.68184377454591
1778415078.861961,N3,83.0,0.10203709147032285,0.10203709147032285,True,0.27950260439780583,LOW RISK,NORMAL,SHORTEST PATH,844,False,73.55418569841092
1778415079.861961,N1,84.0,0.11636545322033909,0.11636545322033909,True,0.8751172306923035,HIGH RISK,NORMAL,SHORTEST PATH,70,False,98.63184531406895
1778415079.861961,N2,84.0,0.07010284774960825,0.07010284774960825,False,0.4398400094352741,LOW RISK,NORMAL,SHORTEST PATH,714,False,85.93498175693705
1778415079.861961,N3,84.0,0.039017055081266155,0.039017055081266155,False,0.024575794633452608,LOW RISK,NORMAL,SHORTEST PATH,272,False,76.87304986627673
1778415080.861961,N1,85.0,0.07566820890790227,0.07566820890790227,False,0.7032210084391396,HIGH RISK,NORMAL,SHORTEST PATH,897,False,72.17679905195324
1778415080.861961,N2,85.0,0.041775578985674376,0.041775578985674376,False,0.6441398176536287,LOW RISK,NORMAL,SHORTEST PATH,388,False,78.37634296323915
1778415080.861961,N3,85.0,0.0350263215488237,0.0350263215488237,False,0.24725938535090197,LOW RISK,NORMAL,SHORTEST PATH,850,False,92.19799644450084
1778415081.861961,N1,86.0,0.06498965863667741,0.06498965863667741,False,0.49898740381688933,LOW RISK,NORMAL,SHORTEST PATH,977,False,85.65373445218457
1778415081.861961,N2,86.0,0.081939318297492,0.081939318297492,True,0.09085385595134365,LOW RISK,NORMAL,SHORTEST PATH,282,False,89.26863827750091
1778415081.861961,N3,86.0,0.030493835977615836,0.030493835977615836,False,0.6574237671477374,LOW RISK,NORMAL,SHORTEST PATH,658,True,99.00200678581876
1778415082.861961,N1,87.0,0.10460209835376844,0.10460209835376844,True,0.2838887365939544,LOW RISK,NORMAL,SHORTEST PATH,118,False,70.18708925803509
1778415082.861961,N2,87.0,0.026797642974451037,0.026797642974451037,False,0.6944565591273613,LOW RISK,NORMAL,SHORTEST PATH,23,False,94.43995777904182
1778415082.861961,N3,87.0,0.07368623567884139,0.07368623567884139,False,0.1938032808477541,LOW RISK,NORMAL,SHORTEST PATH,739,False,79.80147439133535
1778415083.861961,N1,88.0,0.0885303432113728,0.0885303432113728,True,0.49366482946175494,LOW RISK,NORMAL,SHORTEST PATH,729,False,98.41472721300636
1778415083.861961,N2,88.0,0.05082798004027146,0.05082798004027146,False,0.6729565960864388,LOW RISK,NORMAL,SHORTEST PATH,921,True,99.04797968084719
1778415083.861961,N3,88.0,0.04610299733645181,0.04610299733645181,False,0.4466946575010732,LOW RISK,NORMAL,SHORTEST PATH,910,False,74.55543587111823
1778415084.861961,N1,89.0,0.1096915841639537,0.1096915841639537,True,0.32353360325615466,LOW RISK,NORMAL,SHORTEST PATH,72,False,97.75227357110684
1778415084.861961,N2,89.0,0.11484934246608729,0.11484934246608729,True,0.9464932757304126,HIGH RISK,NORMAL,SHORTEST PATH,71,False,86.9176265984988
1778415084.861961,N3,89.0,0.010855750450789679,0.010855750450789679,False,0.09850993096087468,LOW RISK,NORMAL,SHORTEST PATH,488,False,92.55361209951694
1778415085.861961,N1,90.0,0.040592062535554536,0.040592062535554536,False,0.24576383414679426,LOW RISK,NORMAL,SHORTEST PATH,345,False,70.477320483695
1778415085.861961,N2,90.0,0.09347901643197014,0.09347901643197014,True,0.8147212406011782,HIGH RISK,NORMAL,SHORTEST PATH,467,False,70.70424271837454
1778415085.861961,N3,90.0,0.09825834000810092,0.09825834000810092,True,0.427779926830373,LOW RISK,NORMAL,SHORTEST PATH,641,False,78.72825299324144
1778415086.861961,N1,91.0,0.00914376478241893,0.00914376478241893,False,0.02024965424505698,LOW RISK,NORMAL,SHORTEST PATH,615,False,99.64309280254912
1778415086.861961,N2,91.0,0.08807341207198145,0.08807341207198145,True,0.8770586626618261,HIGH RISK,NORMAL,SHORTEST PATH,684,False,73.68221481309627
1778415086.861961,N3,91.0,0.03474132484422555,0.03474132484422555,False,0.09979850998779516,LOW RISK,NORMAL,SHORTEST PATH,475,False,70.44818785160795
1778415087.861961,N1,92.0,0.05891151372558407,0.05891151372558407,False,0.35415860114549147,LOW RISK,NORMAL,SHORTEST PATH,574,True,79.55381763288295
1778415087.861961,N2,92.0,0.10094339418715943,0.10094339418715943,True,0.34874847711064383,LOW RISK,NORMAL,SHORTEST PATH,493,True,79.63479945259174
1778415087.861961,N3,92.0,0.10627403994776649,0.10627403994776649,True,0.42524428925086055,LOW RISK,NORMAL,SHORTEST PATH,130,False,77.93342306303774
1778415088.861961,N1,93.0,0.031013663503803014,0.031013663503803014,False,0.025667321072321947,LOW RISK,NORMAL,SHORTEST PATH,804,False,96.3224058116943
1778415088.861961,N2,93.0,0.09249653274733541,0.09249653274733541,True,0.24614954920333876,LOW RISK,NORMAL,SHORTEST PATH,738,False,95.85565690496065
1778415088.861961,N3,93.0,0.04307496469047561,0.04307496469047561,False,0.16190199550674045,LOW RISK,NORMAL,SHORTEST PATH,100,False,94.58476623620652
1778415089.861961,N1,94.0,0.07995987691503864,0.07995987691503864,False,0.2994740659919405,LOW RISK,NORMAL,SHORTEST PATH,316,True,81.95420135949642
1778415089.861961,N2,94.0,0.05158422916182182,0.05158422916182182,False,0.27449256073810613,LOW RISK,NORMAL,SHORTEST PATH,842,False,92.00231791278469
1778415089.861961,N3,94.0,0.06382466276303135,0.06382466276303135,False,0.39755717747339636,LOW RISK,NORMAL,SHORTEST PATH,966,False,93.3694987660844
1778415090.861961,N1,95.0,0.1076423656473094,0.1076423656473094,True,0.29839341294773747,LOW RISK,NORMAL,SHORTEST PATH,350,True,87.92829155209529
1778415090.861961,N2,95.0,0.07303796018576413,0.07303796018576413,False,0.041200502315977605,LOW RISK,NORMAL,SHORTEST PATH,620,False,98.09614257227884
1778415090.861961,N3,95.0,0.10549996815703602,0.10549996815703602,True,0.62815765426015,LOW RISK,NORMAL,SHORTEST PATH,321,False,80.13162100661991
1778415091.861961,N1,96.0,0.049391486938849774,0.049391486938849774,False,0.3500430355686549,LOW RISK,NORMAL,SHORTEST PATH,433,False,87.36402044443466
1778415091.861961,N2,96.0,0.02071649372841368,0.02071649372841368,False,0.004710562825820941,LOW RISK,NORMAL,SHORTEST PATH,896,False,75.77134235057318
1778415091.861961,N3,96.0,0.09458026510961783,0.09458026510961783,True,0.5955793130581052,LOW RISK,NORMAL,SHORTEST PATH,997,False,75.33436143067564
1778415092.861961,N1,97.0,0.0681493825454173,0.0681493825454173,False,0.6320258358794151,LOW RISK,NORMAL,SHORTEST PATH,976,False,87.29473016986967
1778415092.861961,N2,97.0,0.01780083382241393,0.01780083382241393,False,0.41865547335768616,LOW RISK,NORMAL,SHORTEST PATH,634,True,96.06030048862314
1778415092.861961,N3,97.0,0.040672345320326604,0.040672345320326604,False,0.8987305699249378,HIGH RISK,NORMAL,SHORTEST PATH,194,True,79.8438985111471
1778415093.861961,N1,98.0,0.01605149022449012,0.01605149022449012,False,0.11686813726099776,LOW RISK,NORMAL,SHORTEST PATH,967,False,78.19076162514968
1778415093.861961,N2,98.0,0.026166539877684632,0.026166539877684632,False,0.04110040109457014,LOW RISK,NORMAL,SHORTEST PATH,25,False,87.21376513715327
1778415093.861961,N3,98.0,0.11046363051075236,0.11046363051075236,True,0.5870792203727919,LOW RISK,NORMAL,SHORTEST PATH,569,False,78.9500070567372
1778415094.861961,N1,99.0,0.09404566083448553,0.09404566083448553,True,0.03759294720063733,LOW RISK,NORMAL,SHORTEST PATH,42,True,66.11315734680994
1778415094.861961,N2,99.0,0.04151269573340041,0.04151269573340041,False,0.16304576508301394,LOW RISK,NORMAL,SHORTEST PATH,657,False,94.94079006722467
1778415094.861961,N3,99.0,0.08639416278088852,0.08639416278088852,True,0.3345788755822341,LOW RISK,NORMAL,SHORTEST PATH,386,True,65.88519761674895
1778415095.861961,N1,100.0,0.010626035112727385,0.010626035112727385,False,0.9505128040245778,HIGH RISK,NORMAL,SHORTEST PATH,289,True,70.6629517628903
1778415095.861961,N2,100.0,0.11917743964895514,0.11917743964895514,True,0.6793858662903817,LOW RISK,NORMAL,SHORTEST PATH,387,False,87.63457958078891
1778415095.861961,N3,100.0,0.03292189299513508,0.03292189299513508,False,0.9637210852294769,HIGH RISK,NORMAL,SHORTEST PATH,173,False,65.34729743504919
1778415096.861961,N1,101.0,0.07864930225684066,0.07864930225684066,False,0.47920665212544544,LOW RISK,NORMAL,SHORTEST PATH,631,True,99.17366711834242
1778415096.861961,N2,101.0,0.029089720981989864,0.029089720981989864,False,0.23103313446024243,LOW RISK,NORMAL,SHORTEST PATH,917,False,96.22962110724964
1778415096.861961,N3,101.0,0.006525951391938274,0.006525951391938274,False,0.6051344306370668,LOW RISK,NORMAL,SHORTEST PATH,287,False,64.86368446812475
1778415097.861961,N1,102.0,0.022656104278509913,0.022656104278509913,False,0.24603902843780368,LOW RISK,NORMAL,SHORTEST PATH,62,False,91.03097451873431
1778415097.861961,N2,102.0,0.10587760826820901,0.10587760826820901,True,0.07449990084329527,LOW RISK,NORMAL,SHORTEST PATH,863,False,88.12432416978608
1778415097.861961,N3,102.0,0.08800773206080058,0.08800773206080058,True,0.7459632664582476,HIGH RISK,NORMAL,SHORTEST PATH,985,True,93.78209301555898
1778415098.861961,N1,103.0,0.0789140508122054,0.0789140508122054,False,0.4806957290685836,LOW RISK,NORMAL,SHORTEST PATH,1000,False,79.70173044363702
1778415098.861961,N2,103.0,0.04837172362599317,0.04837172362599317,False,0.8059404209740403,HIGH RISK,NORMAL,SHORTEST PATH,111,False,74.01627616162534
1778415098.861961,N3,103.0,0.06024333129168008,0.06024333129168008,False,0.672447150518469,LOW RISK,NORMAL,SHORTEST PATH,389,False,77.25705604511327
1778415099.861961,N1,104.0,0.02246067903711187,0.02246067903711187,False,0.1775248191024773,LOW RISK,NORMAL,SHORTEST PATH,53,False,73.81895638144275
1778415099.861961,N2,104.0,0.03514609572969978,0.03514609572969978,False,0.7593813955978999,HIGH RISK,NORMAL,SHORTEST PATH,620,True,82.92865866422699
1778415099.861961,N3,104.0,0.009998174259975498,0.009998174259975498,False,0.8611572783241727,HIGH RISK,NORMAL,SHORTEST PATH,383,False,80.37138717207381
1778415100.861961,N1,105.0,0.059823891498291475,0.059823891498291475,False,0.8477928041452008,HIGH RISK,NORMAL,SHORTEST PATH,691,False,69.51874254722897
1778415100.861961,N2,105.0,0.09878685514203342,0.09878685514203342,True,0.10048976407059174,LOW RISK,NORMAL,SHORTEST PATH,434,True,98.30291309801082
1778415100.861961,N3,105.0,0.028874215199505025,0.028874215199505025,False,0.33582948631498843,LOW RISK,NORMAL,SHORTEST PATH,832,False,79.31025191481875
1778415101.861961,N1,106.0,0.09703868513043896,0.09703868513043896,True,0.901212425592431,HIGH RISK,NORMAL,SHORTEST PATH,772,True,70.46898448252855
1778415101.861961,N2,106.0,0.061675671764946476,0.061675671764946476,False,0.15786737079201552,LOW RISK,NORMAL,SHORTEST PATH,436,False,77.90664771278318
1778415101.861961,N3,106.0,0.05995666696492802,0.05995666696492802,False,0.9390451828692472,HIGH RISK,NORMAL,SHORTEST PATH,816,False,99.91053277256307
1778415102.861961,N1,107.0,0.1179237270786444,0.1179237270786444,True,0.6541128475395417,LOW RISK,NORMAL,SHORTEST PATH,899,False,65.59717181207574
1778415102.861961,N2,107.0,0.01955683843415806,0.01955683843415806,False,0.4586391737980876,LOW RISK,NORMAL,SHORTEST PATH,660,True,65.04128345666072
1778415102.861961,N3,107.0,0.091054117489923,0.091054117489923,True,0.4763817006509736,LOW RISK,NORMAL,SHORTEST PATH,360,False,79.97501861398332
1778415103.861961,N1,108.0,0.051890758463756674,0.051890758463756674,False,0.34547867148502875,LOW RISK,NORMAL,SHORTEST PATH,497,False,79.96546273330586
1778415103.861961,N2,108.0,0.1191188846289024,0.1191188846289024,True,0.06116294355655638,LOW RISK,NORMAL,SHORTEST PATH,368,False,60.53281547483253
1778415103.861961,N3,108.0,0.043606569349858244,0.043606569349858244,False,0.8074700604991781,HIGH RISK,NORMAL,SHORTEST PATH,41,False,97.1098853558564
1778415104.861961,N1,109.0,0.047349561822154676,0.047349561822154676,False,0.3816318478866133,LOW RISK,NORMAL,SHORTEST PATH,727,True,76.69418420202427
1778415104.861961,N2,109.0,0.0752624281338887,0.0752624281338887,False,0.12366887224023337,LOW RISK,NORMAL,SHORTEST PATH,627,False,91.35120876824409
1778415104.861961,N3,109.0,0.11481294932364143,0.11481294932364143,True,0.3503107979690656,LOW RISK,NORMAL,SHORTEST PATH,964,False,70.49135289435652
1778415105.861961,N1,110.0,0.10622343029123182,0.10622343029123182,True,0.7258725387851285,HIGH RISK,NORMAL,SHORTEST PATH,281,True,95.90674413453203
1778415105.861961,N2,110.0,0.03226136193634877,0.03226136193634877,False,0.22531325794940127,LOW RISK,NORMAL,SHORTEST PATH,722,True,82.89524324242385
1778415105.861961,N3,110.0,0.009973588583020242,0.009973588583020242,False,0.15822371286146797,LOW RISK,NORMAL,SHORTEST PATH,567,False,98.43856902232316
1778415106.861961,N1,111.0,0.035701520814416944,0.035701520814416944,False,0.5509146022450091,LOW RISK,NORMAL,SHORTEST PATH,317,False,94.04594023767
1778415106.861961,N2,111.0,0.09157815557930653,0.09157815557930653,True,0.44351897191411116,LOW RISK,NORMAL,SHORTEST PATH,51,False,72.24016763670251
1778415106.861961,N3,111.0,0.021558051516849152,0.021558051516849152,False,0.7692737395577309,HIGH RISK,NORMAL,SHORTEST PATH,860,False,95.01354834755196
1778415107.861961,N1,112.0,0.04299672017445672,0.04299672017445672,False,0.7852504243714081,HIGH RISK,NORMAL,SHORTEST PATH,216,False,86.10024297430587
1778415107.861961,N2,112.0,0.11719262796344346,0.11719262796344346,True,0.9941492143227382,HIGH RISK,NORMAL,SHORTEST PATH,727,False,90.46505096241174
1778415107.861961,N3,112.0,0.10031124020688925,0.10031124020688925,True,0.545913837936192,LOW RISK,NORMAL,SHORTEST PATH,836,False,60.55283001143835
1778415108.861961,N1,113.0,0.08906683583021054,0.08906683583021054,True,0.9472947933855527,HIGH RISK,NORMAL,SHORTEST PATH,172,False,96.93776082592944
1778415108.861961,N2,113.0,0.020281871181991373,0.020281871181991373,False,0.8127674528088817,HIGH RISK,NORMAL,SHORTEST PATH,209,False,96.98632210588059
1778415108.861961,N3,113.0,0.10807549598651014,0.10807549598651014,True,0.10588111279292356,LOW RISK,NORMAL,SHORTEST PATH,821,False,98.85769050443224
1778415109.861961,N1,114.0,0.021353911558372924,0.021353911558372924,False,0.20557891009698004,LOW RISK,NORMAL,SHORTEST PATH,821,True,68.04583752197739
1778415109.861961,N2,114.0,0.015354216313597662,0.015354216313597662,False,0.7592233296262257,HIGH RISK,NORMAL,SHORTEST PATH,429,False,72.94469346285547
1778415109.861961,N3,114.0,0.05174648148819126,0.05174648148819126,False,0.4475091625444747,LOW RISK,NORMAL,SHORTEST PATH,933,False,85.03751121198944
1778415110.861961,N1,115.0,0.05255687513830165,0.05255687513830165,False,0.6814439673225978,LOW RISK,NORMAL,SHORTEST PATH,861,False,96.63229834214175
1778415110.861961,N2,115.0,0.11464642493779768,0.11464642493779768,True,0.46915253508974675,LOW RISK,NORMAL,SHORTEST PATH,566,True,78.55005368252938
1778415110.861961,N3,115.0,0.07634756159933978,0.07634756159933978,False,0.12487626497838356,LOW RISK,NORMAL,SHORTEST PATH,911,False,86.34533641923186
1778415111.861961,N1,116.0,0.042030421818926834,0.042030421818926834,False,0.6220211862405178,LOW RISK,NORMAL,SHORTEST PATH,76,False,62.81059653497473
1778415111.861961,N2,116.0,0.08610375871657958,0.08610375871657958,True,0.3213078415061883,LOW RISK,NORMAL,SHORTEST PATH,82,False,88.20152264146272
1778415111.861961,N3,116.0,0.019038941230160582,0.019038941230160582,False,0.4103524869933566,LOW RISK,NORMAL,SHORTEST PATH,598,False,93.65383655700134
1778415112.861961,N1,117.0,0.04972539745979964,0.04972539745979964,False,0.09584126786671732,LOW RISK,NORMAL,SHORTEST PATH,702,False,64.0561574807684
1778415112.861961,N2,117.0,0.013620251646545668,0.013620251646545668,False,0.606542476721312,LOW RISK,NORMAL,SHORTEST PATH,156,False,92.14233217736364
1778415112.861961,N3,117.0,0.059705932260372706,0.059705932260372706,False,0.27811024199805,LOW RISK,NORMAL,SHORTEST PATH,840,False,93.19856551402074
1778415113.861961,N1,118.0,0.08790482390152908,0.08790482390152908,True,0.3047775987813659,LOW RISK,NORMAL,SHORTEST PATH,329,False,90.31920944904147
1778415113.861961,N2,118.0,0.06834723728242316,0.06834723728242316,False,0.8302680482928085,HIGH RISK,NORMAL,SHORTEST PATH,705,False,98.06026348311089
1778415113.861961,N3,118.0,0.09723140837519925,0.09723140837519925,True,0.192557535737662,LOW RISK,NORMAL,SHORTEST PATH,225,False,78.65426346329613
1778415114.861961,N1,119.0,0.02608428427892091,0.02608428427892091,False,0.44325924250450754,LOW RISK,NORMAL,SHORTEST PATH,975,True,85.42986765249674
1778415114.861961,N2,119.0,0.03323642993242273,0.03323642993242273,False,0.817791503682405,HIGH RISK,NORMAL,SHORTEST PATH,620,True,60.1329455584452
1778415114.861961,N3,119.0,0.016147843079195017,0.016147843079195017,False,0.23390399427355146,LOW RISK,NORMAL,SHORTEST PATH,202,False,69.83692142703146
1778415115.861961,N1,120.0,0.1000031267813204,0.1000031267813204,True,0.04831130575503806,LOW RISK,NORMAL,SHORTEST PATH,940,False,84.35861823275911
1778415115.861961,N2,120.0,0.07607313848450177,0.07607313848450177,False,0.7084915625522968,HIGH RISK,NORMAL,SHORTEST PATH,495,False,78.43666242411399
1778415115.861961,N3,120.0,0.05287833652517985,0.05287833652517985,False,0.6881789037145555,LOW RISK,NORMAL,SHORTEST PATH,13,False,97.94208652814902
1778415116.861961,N1,121.0,0.010098296871890906,0.010098296871890906,False,0.075525424139814,LOW RISK,NORMAL,SHORTEST PATH,298,False,81.40822509690248
1778415116.861961,N2,121.0,0.06172745112357749,0.06172745112357749,False,0.011720215235579312,LOW RISK,NORMAL,SHORTEST PATH,978,False,84.48366546816331
1778415116.861961,N3,121.0,0.05976656438373461,0.05976656438373461,False,0.03832876341736724,LOW RISK,NORMAL,SHORTEST PATH,619,True,81.73257226123205
1778415117.861961,N1,122.0,0.0842463491304794,0.0842463491304794,True,0.41675283472494173,LOW RISK,NORMAL,SHORTEST PATH,619,False,82.80266947462553
1778415117.861961,N2,122.0,0.05304660833913166,0.05304660833913166,False,0.8408375967699379,HIGH RISK,NORMAL,SHORTEST PATH,100,False,61.90799300841558
1778415117.861961,N3,122.0,0.04904549142323192,0.04904549142323192,False,0.7794037741653566,HIGH RISK,NORMAL,SHORTEST PATH,709,False,66.42878409441838
1778415118.861961,N1,123.0,0.012170904902475237,0.012170904902475237,False,0.078916936045059,LOW RISK,NORMAL,SHORTEST PATH,627,False,95.53428686516155
1778415118.861961,N2,123.0,0.10311186290725288,0.10311186290725288,True,0.44538423604249966,LOW RISK,NORMAL,SHORTEST PATH,430,False,99.08333893623296
1778415118.861961,N3,123.0,0.036435757122144544,0.036435757122144544,False,0.6174362574297361,LOW RISK,NORMAL,SHORTEST PATH,267,False,67.79338329752079
1778415119.861961,N1,124.0,0.03373676911392047,0.03373676911392047,False,0.6712906154820661,LOW RISK,NORMAL,SHORTEST PATH,357,False,67.97657542119475
1778415119.861961,N2,124.0,0.1148422112026129,0.1148422112026129,True,0.4772765374371647,LOW RISK,NORMAL,SHORTEST PATH,536,False,87.49276958607803
1778415119.861961,N3,124.0,0.07208860520986615,0.07208860520986615,False,0.8944246856614698,HIGH RISK,NORMAL,SHORTEST PATH,67,False,98.93279256261653
1778415120.861961,N1,125.0,0.06062299810044164,0.06062299810044164,False,0.6663527909946715,LOW RISK,NORMAL,SHORTEST PATH,881,False,67.15001105463708
1778415120.861961,N2,125.0,0.06920914039807873,0.06920914039807873,False,0.6162874106340677,LOW RISK,NORMAL,SHORTEST PATH,309,False,96.70336219982248
1778415120.861961,N3,125.0,0.013281323189130535,0.013281323189130535,False,0.06274918814987607,LOW RISK,NORMAL,SHORTEST PATH,131,False,98.14709184099345
1778415121.861961,N1,126.0,0.028197901487448173,0.028197901487448173,False,0.3652250777504894,LOW RISK,NORMAL,SHORTEST PATH,7,True,90.1180918497833
1778415121.861961,N2,126.0,0.02212870186615454,0.02212870186615454,False,0.7018562247463752,HIGH RISK,NORMAL,SHORTEST PATH,40,True,69.82618934267167
1778415121.861961,N3,126.0,0.03310214087192442,0.03310214087192442,False,0.4409822845612643,LOW RISK,NORMAL,SHORTEST PATH,438,False,63.47739157637862
1778415122.861961,N1,127.0,0.11025061975210454,0.11025061975210454,True,0.14823789868639614,LOW RISK,NORMAL,SHORTEST PATH,770,False,82.22666146057479
1778415122.861961,N2,127.0,0.10045064954639919,0.10045064954639919,True,0.913678763075554,HIGH RISK,NORMAL,SHORTEST PATH,392,True,73.49722098597465
1778415122.861961,N3,127.0,0.027502836617375452,0.027502836617375452,False,0.905273001754444,HIGH RISK,NORMAL,SHORTEST PATH,117,False,67.73412046656648
1778415123.861961,N1,128.0,0.09068790275151292,0.09068790275151292,True,0.7524261785569507,HIGH RISK,NORMAL,SHORTEST PATH,17,False,95.8159650802699
1778415123.861961,N2,128.0,0.11414316732069175,0.11414316732069175,True,0.3740827811442694,LOW RISK,NORMAL,SHORTEST PATH,277,False,73.65366788804714
1778415123.861961,N3,128.0,0.10641617236822008,0.10641617236822008,True,0.483045145817531,LOW RISK,NORMAL,SHORTEST PATH,955,False,65.38251295136352
1778415124.861961,N1,129.0,0.010053991596023815,0.010053991596023815,False,0.15324542409493147,LOW RISK,NORMAL,SHORTEST PATH,584,False,66.80125293540247
1778415124.861961,N2,129.0,0.06140381130851116,0.06140381130851116,False,0.2923484030580008,LOW RISK,NORMAL,SHORTEST PATH,915,False,68.6648290977332
1778415124.861961,N3,129.0,0.011256750849625421,0.011256750849625421,False,0.4956011344193403,LOW RISK,NORMAL,SHORTEST PATH,745,False,93.79713690849327
1778415125.861961,N1,130.0,0.03129066973122814,0.03129066973122814,False,0.29147478327904663,LOW RISK,NORMAL,SHORTEST PATH,513,False,90.06603111416342
1778415125.861961,N2,130.0,0.05809913840635886,0.05809913840635886,False,0.4468563111388131,LOW RISK,NORMAL,SHORTEST PATH,695,False,93.68795084540572
1778415125.861961,N3,130.0,0.09239792457633543,0.09239792457633543,True,0.5691581817686494,LOW RISK,NORMAL,SHORTEST PATH,214,False,64.59643426333906
1778415126.861961,N1,131.0,0.017901574960376317,0.017901574960376317,False,0.6281726647442761,LOW RISK,NORMAL,SHORTEST PATH,14,False,91.19607308937081
1778415126.861961,N2,131.0,0.11588534702897609,0.11588534702897609,True,0.15505971960518639,LOW RISK,NORMAL,SHORTEST PATH,464,False,90.68924151151936
1778415126.861961,N3,131.0,0.037087662852726765,0.037087662852726765,False,0.8070603730248956,HIGH RISK,NORMAL,SHORTEST PATH,944,False,73.23427661985046
1778415127.861961,N1,132.0,0.03521302951389505,0.03521302951389505,False,0.8010350018351295,HIGH RISK,NORMAL,SHORTEST PATH,624,False,95.73417871555105
1778415127.861961,N2,132.0,0.05223788189987242,0.05223788189987242,False,0.15417799781092245,LOW RISK,NORMAL,SHORTEST PATH,903,True,88.34559206987112
1778415127.861961,N3,132.0,0.11380976621912556,0.11380976621912556,True,0.14972320883222356,LOW RISK,NORMAL,SHORTEST PATH,305,False,85.10074392227708
1778415128.861961,N1,133.0,0.08941620315759638,0.08941620315759638,True,0.13062007822310817,LOW RISK,NORMAL,SHORTEST PATH,55,True,76.13180824669591
1778415128.861961,N2,133.0,0.062135872703893376,0.062135872703893376,False,0.011786282497757705,LOW RISK,NORMAL,SHORTEST PATH,783,True,97.37680994057281
1778415128.861961,N3,133.0,0.08308415941112021,0.08308415941112021,True,0.9845859261638468,HIGH RISK,NORMAL,SHORTEST PATH,957,False,98.29177544151334
1778415129.861961,N1,134.0,0.029636033822046496,0.029636033822046496,False,0.10007021726694398,LOW RISK,NORMAL,SHORTEST PATH,140,False,92.82529915670281
1778415129.861961,N2,134.0,0.11389213659265658,0.11389213659265658,True,0.7106268961136506,HIGH RISK,NORMAL,SHORTEST PATH,103,True,69.58520498971404
1778415129.861961,N3,134.0,0.029951725216704406,0.029951725216704406,False,0.5273964420896734,LOW RISK,NORMAL,SHORTEST PATH,374,True,81.62391141382278
1778415130.861961,N1,135.0,0.08338827593096643,0.08338827593096643,True,0.20801930170299154,LOW RISK,NORMAL,SHORTEST PATH,112,False,70.68317471549344
1778415130.861961,N2,135.0,0.07363122650817194,0.07363122650817194,False,0.20391292429946306,LOW RISK,NORMAL,SHORTEST PATH,947,False,79.57341363958326
1778415130.861961,N3,135.0,0.07454715192782195,0.07454715192782195,False,0.11468295768584569,LOW RISK,NORMAL,SHORTEST PATH,98,False,79.96171217082843
1778415131.861961,N1,136.0,0.03162433006173313,0.03162433006173313,False,0.9668337912782642,HIGH RISK,NORMAL,SHORTEST PATH,34,True,65.5160530088779
1778415131.861961,N2,136.0,0.02903278175304531,0.02903278175304531,False,0.44740042859991247,LOW RISK,NORMAL,SHORTEST PATH,240,False,64.24070454065313
1778415131.861961,N3,136.0,0.10378950622737797,0.10378950622737797,True,0.03607445071842352,LOW RISK,NORMAL,SHORTEST PATH,687,False,73.4857661371993
1778415132.861961,N1,137.0,0.1136541126973432,0.1136541126973432,True,0.7879984603718992,HIGH RISK,NORMAL,SHORTEST PATH,591,False,73.0511738985058
1778415132.861961,N2,137.0,0.06875194394872404,0.06875194394872404,False,0.8560468672172707,HIGH RISK,NORMAL,SHORTEST PATH,580,False,85.67802336702192
1778415132.861961,N3,137.0,0.02556048754588671,0.02556048754588671,False,0.3755259513336532,LOW RISK,NORMAL,SHORTEST PATH,56,False,97.70426968741566
1778415133.861961,N1,138.0,0.11918481202446682,0.11918481202446682,True,0.7201817758417026,HIGH RISK,NORMAL,SHORTEST PATH,227,True,79.76308250515827
1778415133.861961,N2,138.0,0.013213043536320402,0.013213043536320402,False,0.0550337225396379,LOW RISK,NORMAL,SHORTEST PATH,48,False,99.05063297715586
1778415133.861961,N3,138.0,0.0668785225627677,0.0668785225627677,False,0.13368768213858495,LOW RISK,NORMAL,SHORTEST PATH,678,False,78.42401632666078
1778415134.861961,N1,139.0,0.057956241179657794,0.057956241179657794,False,0.8745592640944405,HIGH RISK,NORMAL,SHORTEST PATH,890,True,70.9154166536255
1778415134.861961,N2,139.0,0.056330044132920545,0.056330044132920545,False,0.2584180586285244,LOW RISK,NORMAL,SHORTEST PATH,596,False,79.90759361833202
1778415134.861961,N3,139.0,0.0933588789011221,0.0933588789011221,True,0.5117477925542592,LOW RISK,NORMAL,SHORTEST PATH,967,False,76.81211986438929
1778415135.861961,N1,140.0,0.08866688672477571,0.08866688672477571,True,0.03635911363806599,LOW RISK,NORMAL,SHORTEST PATH,356,True,60.949470820517206
1778415135.861961,N2,140.0,0.061815882748097205,0.061815882748097205,False,0.20220224944250564,LOW RISK,NORMAL,SHORTEST PATH,236,False,86.9547110593154
1778415135.861961,N3,140.0,0.054766402180959,0.054766402180959,False,0.05174920862686094,LOW RISK,NORMAL,SHORTEST PATH,116,False,75.02833011659222
1778415136.861961,N1,141.0,0.10778512663479169,0.10778512663479169,True,0.1418237719194121,LOW RISK,NORMAL,SHORTEST PATH,565,False,94.48776052144723
1778415136.861961,N2,141.0,0.09111638773844995,0.09111638773844995,True,0.4480623823789128,LOW RISK,NORMAL,SHORTEST PATH,490,False,95.17087992795341
1778415136.861961,N3,141.0,0.04383910985354598,0.04383910985354598,False,0.11615962806980262,LOW RISK,NORMAL,SHORTEST PATH,432,False,71.15633292448015
1778415137.861961,N1,142.0,0.04963395664111051,0.04963395664111051,False,0.532281395719683,LOW RISK,NORMAL,SHORTEST PATH,487,False,62.71156891425765
1778415137.861961,N2,142.0,0.07779685681370387,0.07779685681370387,False,0.7277940253980621,HIGH RISK,NORMAL,SHORTEST PATH,650,True,75.40461170399848
1778415137.861961,N3,142.0,0.02555056741689627,0.02555056741689627,False,0.24597346596778213,LOW RISK,NORMAL,SHORTEST PATH,246,True,99.25379620865166
1778415138.861961,N1,143.0,0.010606589838194612,0.010606589838194612,False,0.25687846817767546,LOW RISK,NORMAL,SHORTEST PATH,695,False,83.07305439014365
1778415138.861961,N2,143.0,0.07854663225050154,0.07854663225050154,False,0.8793937442455504,HIGH RISK,NORMAL,SHORTEST PATH,741,False,63.33659766313855
1778415138.861961,N3,143.0,0.07548524349130496,0.07548524349130496,False,0.7372877673325515,HIGH RISK,NORMAL,SHORTEST PATH,245,False,74.76221595933454
1778415139.861961,N1,144.0,0.11897196860827547,0.11897196860827547,True,0.4990422986197889,LOW RISK,NORMAL,SHORTEST PATH,494,False,73.95897136899313
1778415139.861961,N2,144.0,0.06769138906336207,0.06769138906336207,False,0.7393260101130468,HIGH RISK,NORMAL,SHORTEST PATH,717,True,91.66020245693198
1778415139.861961,N3,144.0,0.05277638150011785,0.05277638150011785,False,5.2464236714788726e-05,LOW RISK,NORMAL,SHORTEST PATH,846,False,68.5267958751698
1778415140.861961,N1,145.0,0.011650074844339383,0.011650074844339383,False,0.9514753135631787,HIGH RISK,NORMAL,SHORTEST PATH,769,False,97.45116517780184
1778415140.861961,N2,145.0,0.02650454275497852,0.02650454275497852,False,0.13323043041635774,LOW RISK,NORMAL,SHORTEST PATH,680,False,90.98995042487005
1778415140.861961,N3,145.0,0.10318937293428322,0.10318937293428322,True,0.1821197826314802,LOW RISK,NORMAL,SHORTEST PATH,118,True,94.94993017111365
1778415141.861961,N1,146.0,0.08713944532603488,0.08713944532603488,True,0.7282083332652964,HIGH RISK,NORMAL,SHORTEST PATH,814,False,76.01250894319801
1778415141.861961,N2,146.0,0.09429962720220716,0.09429962720220716,True,0.1732933684845127,LOW RISK,NORMAL,SHORTEST PATH,71,False,90.45526513488491
1778415141.861961,N3,146.0,0.005352659419363245,0.005352659419363245,False,0.7339393326085583,HIGH RISK,NORMAL,SHORTEST PATH,369,False,72.4784014124065
1778415142.861961,N1,147.0,0.06351421903241261,0.06351421903241261,False,0.21299655043017907,LOW RISK,NORMAL,SHORTEST PATH,981,False,89.1701710334236
1778415142.861961,N2,147.0,0.08223872826591058,0.08223872826591058,True,0.06253286801726787,LOW RISK,NORMAL,SHORTEST PATH,725,False,66.50102961923174
1778415142.861961,N3,147.0,0.010661731775538792,0.010661731775538792,False,0.6486255077825654,LOW RISK,NORMAL,SHORTEST PATH,627,False,87.97162757452924
1778415143.861961,N1,148.0,0.11009569820471075,0.11009569820471075,True,0.08085924423343815,LOW RISK,NORMAL,SHORTEST PATH,459,False,66.92490495570951
1778415143.861961,N2,148.0,0.10240280411177045,0.10240280411177045,True,0.7239711711894089,HIGH RISK,NORMAL,SHORTEST PATH,381,False,74.49079162241708
1778415143.861961,N3,148.0,0.00507704938932889,0.00507704938932889,False,0.8231769823846512,HIGH RISK,NORMAL,SHORTEST PATH,376,False,60.549500963826915
1778415144.861961,N1,149.0,0.0069502575872668095,0.0069502575872668095,False,0.5145650155733872,LOW RISK,NORMAL,SHORTEST PATH,942,False,89.63629783797053
1778415144.861961,N2,149.0,0.11784136089538794,0.11784136089538794,True,0.5048632883044606,LOW RISK,NORMAL,SHORTEST PATH,357,False,95.35130018841271
1778415144.861961,N3,149.0,0.04784403605839262,0.04784403605839262,False,0.34810619292591904,LOW RISK,NORMAL,SHORTEST PATH,369,False,99.00776486508852
1778415145.861961,N1,150.0,0.05244767800797436,0.05244767800797436,False,0.9622431081253027,HIGH RISK,NORMAL,SHORTEST PATH,145,False,88.3861438172873
1778415145.861961,N2,150.0,0.04562491038554906,0.04562491038554906,False,0.44640795507819764,LOW RISK,NORMAL,SHORTEST PATH,968,False,90.3971474624248
1778415145.861961,N3,150.0,0.0889696220953977,0.0889696220953977,True,0.9815061802833355,HIGH RISK,NORMAL,SHORTEST PATH,221,False,96.16438078543251
1778415146.861961,N1,151.0,0.11391494035189761,0.11391494035189761,True,0.058657264539895504,LOW RISK,NORMAL,SHORTEST PATH,42,False,70.48452200299043
1778415146.861961,N2,151.0,0.10523050065041967,0.10523050065041967,True,0.9511016252018923,HIGH RISK,NORMAL,SHORTEST PATH,447,False,99.07092538411987
1778415146.861961,N3,151.0,0.036082871376637134,0.036082871376637134,False,0.9407724635557377,HIGH RISK,NORMAL,SHORTEST PATH,456,False,88.98917549693938
1778415147.861961,N1,152.0,0.09075935771880625,0.09075935771880625,True,0.23173880034464056,LOW RISK,NORMAL,SHORTEST PATH,30,False,99.05866560063019
1778415147.861961,N2,152.0,0.07917465178721377,0.07917465178721377,False,0.9740528804601246,HIGH RISK,NORMAL,SHORTEST PATH,788,False,66.00329412886165
1778415147.861961,N3,152.0,0.013780445920369352,0.013780445920369352,False,0.7190313406582665,HIGH RISK,NORMAL,SHORTEST PATH,97,False,86.89095134475957
1778415148.861961,N1,153.0,0.11428853356899464,0.11428853356899464,True,0.8482319397793987,HIGH RISK,NORMAL,SHORTEST PATH,607,False,75.03865681547394
1778415148.861961,N2,153.0,0.0425063877066553,0.0425063877066553,False,0.10584207665581535,LOW RISK,NORMAL,SHORTEST PATH,907,False,95.21926898159231
1778415148.861961,N3,153.0,0.052972277423652514,0.052972277423652514,False,0.2521213921687647,LOW RISK,NORMAL,SHORTEST PATH,510,False,92.71526485345922
1778415149.861961,N1,154.0,0.041527462133422226,0.041527462133422226,False,0.28567172032505816,LOW RISK,NORMAL,SHORTEST PATH,308,False,64.76750633318949
1778415149.861961,N2,154.0,0.044142488498445785,0.044142488498445785,False,0.581896551886599,LOW RISK,NORMAL,SHORTEST PATH,641,False,96.51217973416594
1778415149.861961,N3,154.0,0.07060954513388149,0.07060954513388149,False,0.16701261993473193,LOW RISK,NORMAL,SHORTEST PATH,359,False,91.5191303903503
1778415150.861961,N1,155.0,0.05542331781464963,0.05542331781464963,False,0.6509464663029747,LOW RISK,NORMAL,SHORTEST PATH,793,False,66.7642083297842
1778415150.861961,N2,155.0,0.07843641007979887,0.07843641007979887,False,0.5401185298350056,LOW RISK,NORMAL,SHORTEST PATH,319,False,68.8503684225517
1778415150.861961,N3,155.0,0.03578739121844221,0.03578739121844221,False,0.19594543207858273,LOW RISK,NORMAL,SHORTEST PATH,97,False,60.21866734187838
1778415151.861961,N1,156.0,0.03667012137586515,0.03667012137586515,False,0.3198900503854135,LOW RISK,NORMAL,SHORTEST PATH,487,False,81.40654106851184
1778415151.861961,N2,156.0,0.010297803034166875,0.010297803034166875,False,0.26638389360290327,LOW RISK,NORMAL,SHORTEST PATH,334,False,92.19120743892351
1778415151.861961,N3,156.0,0.012863814860579713,0.012863814860579713,False,0.9694293125047915,HIGH RISK,NORMAL,SHORTEST PATH,193,False,88.30305788849395
1778415152.861961,N1,157.0,0.04243789762676,0.04243789762676,False,0.3540866266264314,LOW RISK,NORMAL,SHORTEST PATH,138,False,86.46176825024754
1778415152.861961,N2,157.0,0.1046883480578008,0.1046883480578008,True,0.2623772619362319,LOW RISK,NORMAL,SHORTEST PATH,584,False,75.67408809582705
1778415152.861961,N3,157.0,0.0600590713757747,0.0600590713757747,False,0.9806309646877753,HIGH RISK,NORMAL,SHORTEST PATH,730,False,68.8166177191231
1778415153.861961,N1,158.0,0.11767122395280308,0.11767122395280308,True,0.609720931786035,LOW RISK,NORMAL,SHORTEST PATH,174,False,61.979740605404025
1778415153.861961,N2,158.0,0.05783585321676693,0.05783585321676693,False,0.8904924481041521,HIGH RISK,NORMAL,SHORTEST PATH,743,False,96.51996842562208
1778415153.861961,N3,158.0,0.09166048835171928,0.09166048835171928,True,0.9340969791512249,HIGH RISK,NORMAL,SHORTEST PATH,728,False,78.89285772148094
1778415154.861961,N1,159.0,0.05492810270894005,0.05492810270894005,False,0.0029172129381628276,LOW RISK,NORMAL,SHORTEST PATH,80,False,95.38724231840033
1778415154.861961,N2,159.0,0.0069668019168763525,0.0069668019168763525,False,0.16139211312063573,LOW RISK,NORMAL,SHORTEST PATH,182,False,98.17989617111189
1778415154.861961,N3,159.0,0.09052109305107278,0.09052109305107278,True,0.7622703247196636,HIGH RISK,NORMAL,SHORTEST PATH,495,False,65.03663203811587
1778415155.861961,N1,160.0,0.09067230599432227,0.09067230599432227,True,0.4693909131887325,LOW RISK,NORMAL,SHORTEST PATH,505,False,72.70698173973076
1778415155.861961,N2,160.0,0.08289559710610667,0.08289559710610667,True,0.7951397258305145,HIGH RISK,NORMAL,SHORTEST PATH,682,False,73.56623060459272
1778415155.861961,N3,160.0,0.07047894629707509,0.07047894629707509,False,0.7034724620363727,HIGH RISK,NORMAL,SHORTEST PATH,339,False,73.35047332807831
1778415156.861961,N1,161.0,0.07784667567410296,0.07784667567410296,False,0.5085984199390757,LOW RISK,NORMAL,SHORTEST PATH,542,False,72.09629365601484
1778415156.861961,N2,161.0,0.021676096806033357,0.021676096806033357,False,0.8848113015255994,HIGH RISK,NORMAL,SHORTEST PATH,879,False,90.76746917459977
1778415156.861961,N3,161.0,0.037407896738692305,0.037407896738692305,False,0.6604173106773932,LOW RISK,NORMAL,SHORTEST PATH,723,False,78.64998243071071
1778415157.861961,N1,162.0,0.06467428155926969,0.06467428155926969,False,0.8573037041914895,HIGH RISK,NORMAL,SHORTEST PATH,404,True,75.67966114410328
1778415157.861961,N2,162.0,0.09470501775926352,0.09470501775926352,True,0.7267227477382993,HIGH RISK,NORMAL,SHORTEST PATH,399,False,75.27492702490947
1778415157.861961,N3,162.0,0.05741917541077214,0.05741917541077214,False,0.44590570095408044,LOW RISK,NORMAL,SHORTEST PATH,272,True,96.97908658013343
1778415158.861961,N1,163.0,0.10527655217013007,0.10527655217013007,True,0.34376938758350695,LOW RISK,NORMAL,SHORTEST PATH,115,False,74.09895963863468
1778415158.861961,N2,163.0,0.00995862000957511,0.00995862000957511,False,0.08204656281515044,LOW RISK,NORMAL,SHORTEST PATH,781,False,97.60795639246619
1778415158.861961,N3,163.0,0.01677199226445093,0.01677199226445093,False,0.4165157109922467,LOW RISK,NORMAL,SHORTEST PATH,94,True,93.16310418088827
1778415159.861961,N1,164.0,0.10930686271141817,0.10930686271141817,True,0.9685477840593752,HIGH RISK,NORMAL,SHORTEST PATH,84,True,95.4362399399116
1778415159.861961,N2,164.0,0.0972787392758523,0.0972787392758523,True,0.35910554083672486,LOW RISK,NORMAL,SHORTEST PATH,732,False,86.90087476911776
1778415159.861961,N3,164.0,0.05935436064927238,0.05935436064927238,False,0.36597428064814663,LOW RISK,NORMAL,SHORTEST PATH,396,False,80.06570749367398
1778415160.861961,N1,165.0,0.02687208369064917,0.02687208369064917,False,0.21297638520488937,LOW RISK,NORMAL,SHORTEST PATH,239,False,73.64081637724183
1778415160.861961,N2,165.0,0.07759026814519973,0.07759026814519973,False,0.8230723576758538,HIGH RISK,NORMAL,SHORTEST PATH,343,False,85.38155825262263
1778415160.861961,N3,165.0,0.08302217597900943,0.08302217597900943,True,0.3481859503220517,LOW RISK,NORMAL,SHORTEST PATH,337,False,96.46339762927467
1778415161.861961,N1,166.0,0.10974086388848579,0.10974086388848579,True,0.7958233337563735,HIGH RISK,NORMAL,SHORTEST PATH,495,False,75.4416503884633
1778415161.861961,N2,166.0,0.019428182401792584,0.019428182401792584,False,0.5574758642987673,LOW RISK,NORMAL,SHORTEST PATH,707,False,87.16051331589648
1778415161.861961,N3,166.0,0.0951286109577386,0.0951286109577386,True,0.5681493487880078,LOW RISK,NORMAL,SHORTEST PATH,863,False,88.71786122420366
1778415162.861961,N1,167.0,0.09061072083336776,0.09061072083336776,True,0.5172247618828597,LOW RISK,NORMAL,SHORTEST PATH,600,False,91.38778235538527
1778415162.861961,N2,167.0,0.07748295684470737,0.07748295684470737,False,0.4980867022520077,LOW RISK,NORMAL,SHORTEST PATH,229,False,71.62971495673982
1778415162.861961,N3,167.0,0.1135889834114328,0.1135889834114328,True,0.11741189584564982,LOW RISK,NORMAL,SHORTEST PATH,717,False,67.4631173409204
1778415163.861961,N1,168.0,0.10985808611559918,0.10985808611559918,True,0.6914545759223031,LOW RISK,NORMAL,SHORTEST PATH,944,True,99.50911999649901
1778415163.861961,N2,168.0,0.11715560942987513,0.11715560942987513,True,0.43938953698358874,LOW RISK,NORMAL,SHORTEST PATH,308,False,96.97648231840688
1778415163.861961,N3,168.0,0.051324941329727744,0.051324941329727744,False,0.24546976599276926,LOW RISK,NORMAL,SHORTEST PATH,536,False,85.75689417129738
1778415164.861961,N1,169.0,0.07916846479994012,0.07916846479994012,False,0.6894173829501715,LOW RISK,NORMAL,SHORTEST PATH,662,False,85.26248032570754
1778415164.861961,N2,169.0,0.02234925567911531,0.02234925567911531,False,0.5481691562324117,LOW RISK,NORMAL,SHORTEST PATH,878,False,92.52933838547533
1778415164.861961,N3,169.0,0.05707487396037933,0.05707487396037933,False,0.18539942834452472,LOW RISK,NORMAL,SHORTEST PATH,915,True,81.47751500201466
1778415165.861961,N1,170.0,0.0786508149170308,0.0786508149170308,False,0.010883893936034839,LOW RISK,NORMAL,SHORTEST PATH,469,True,76.70526395410619
1778415165.861961,N2,170.0,0.02862099102502291,0.02862099102502291,False,0.830497539937844,HIGH RISK,NORMAL,SHORTEST PATH,999,False,68.74428199964102
1778415165.861961,N3,170.0,0.10067894561909725,0.10067894561909725,True,0.4465586645689841,LOW RISK,NORMAL,SHORTEST PATH,917,False,99.30745692096876
1778415166.861961,N1,171.0,0.060225323550946584,0.060225323550946584,False,0.0875923543588154,LOW RISK,NORMAL,SHORTEST PATH,157,False,96.24741556512731
1778415166.861961,N2,171.0,0.06356969582716046,0.06356969582716046,False,0.18827504520919391,LOW RISK,NORMAL,SHORTEST PATH,820,True,73.16853277545086
1778415166.861961,N3,171.0,0.03960239621984053,0.03960239621984053,False,0.6987969045980761,LOW RISK,NORMAL,SHORTEST PATH,893,True,88.70465847678415
1778415167.861961,N1,172.0,0.10743602685033117,0.10743602685033117,True,0.7801106488987333,HIGH RISK,NORMAL,SHORTEST PATH,246,False,96.8771516775338
1778415167.861961,N2,172.0,0.10694372426500241,0.10694372426500241,True,0.7470993362632721,HIGH RISK,NORMAL,SHORTEST PATH,737,False,82.1426453260955
1778415167.861961,N3,172.0,0.04467990793103175,0.04467990793103175,False,0.14282731931449366,LOW RISK,NORMAL,SHORTEST PATH,525,False,96.6732887766785
1778415168.861961,N1,173.0,0.06513350217353217,0.06513350217353217,False,0.6085297043602925,LOW RISK,NORMAL,SHORTEST PATH,841,False,63.21419961466209
1778415168.861961,N2,173.0,0.0795619236526888,0.0795619236526888,False,0.47836930801603106,LOW RISK,NORMAL,SHORTEST PATH,621,False,88.47286614214828
1778415168.861961,N3,173.0,0.05716685216725496,0.05716685216725496,False,0.10525934850379748,LOW RISK,NORMAL,SHORTEST PATH,890,False,77.68440868982977
1778415169.861961,N1,174.0,0.09864973549409521,0.09864973549409521,True,0.49465926683978034,LOW RISK,NORMAL,SHORTEST PATH,973,False,92.91360736336401
1778415169.861961,N2,174.0,0.05911440440540122,0.05911440440540122,False,0.34546763755225707,LOW RISK,NORMAL,SHORTEST PATH,338,False,69.59481838010569
1778415169.861961,N3,174.0,0.08293761906587956,0.08293761906587956,True,0.02295219171636742,LOW RISK,NORMAL,SHORTEST PATH,514,False,76.72233581980963
1778415170.861961,N1,175.0,0.06373934525893322,0.06373934525893322,False,0.7509367242722736,HIGH RISK,NORMAL,SHORTEST PATH,485,False,64.54429712392377
1778415170.861961,N2,175.0,0.04492369303033365,0.04492369303033365,False,0.38170193247757633,LOW RISK,NORMAL,SHORTEST PATH,552,False,76.27970508517551
1778415170.861961,N3,175.0,0.11908012299626092,0.11908012299626092,True,0.39188881748715443,LOW RISK,NORMAL,SHORTEST PATH,105,False,64.447177874197
1778415171.861961,N1,176.0,0.07369202178498545,0.07369202178498545,False,0.13566934283437004,LOW RISK,NORMAL,SHORTEST PATH,217,False,61.98585061917106
1778415171.861961,N2,176.0,0.01508805516427925,0.01508805516427925,False,0.05752723267239579,LOW RISK,NORMAL,SHORTEST PATH,698,False,92.42300587511178
1778415171.861961,N3,176.0,0.048651406835606745,0.048651406835606745,False,0.9276578082384361,HIGH RISK,NORMAL,SHORTEST PATH,29,False,90.19215689957171
1778415172.861961,N1,177.0,0.0862804960069668,0.0862804960069668,True,0.7434250327012863,HIGH RISK,NORMAL,SHORTEST PATH,371,False,80.29003796457677
1778415172.861961,N2,177.0,0.10568539537774868,0.10568539537774868,True,0.14952133545996327,LOW RISK,NORMAL,SHORTEST PATH,397,True,81.05707642815852
1778415172.861961,N3,177.0,0.0690356348124779,0.0690356348124779,False,0.3259681541145566,LOW RISK,NORMAL,SHORTEST PATH,212,False,78.4374639882959
1778415173.861961,N1,178.0,0.09287602627850555,0.09287602627850555,True,0.6004906502152406,LOW RISK,NORMAL,SHORTEST PATH,651,False,92.03330275626504
1778415173.861961,N2,178.0,0.026928457845400586,0.026928457845400586,False,0.8136418220644593,HIGH RISK,NORMAL,SHORTEST PATH,243,False,89.60378118322407
1778415173.861961,N3,178.0,0.11162514377379536,0.11162514377379536,True,0.9702133709474794,HIGH RISK,NORMAL,SHORTEST PATH,450,False,72.37768292770069
1778415174.861961,N1,179.0,0.041657047992704546,0.041657047992704546,False,0.9355537410519281,HIGH RISK,NORMAL,SHORTEST PATH,250,False,86.9190147012843
1778415174.861961,N2,179.0,0.11606754371708007,0.11606754371708007,True,0.49142962805501456,LOW RISK,NORMAL,SHORTEST PATH,770,True,97.76057923559362
1778415174.861961,N3,179.0,0.0853756648463247,0.0853756648463247,True,0.9932127250888476,HIGH RISK,NORMAL,SHORTEST PATH,946,False,76.50849243189101
1778415175.861961,N1,180.0,0.03369971822289984,0.03369971822289984,False,0.9108024186104798,HIGH RISK,NORMAL,SHORTEST PATH,410,False,93.75201459108939
1778415175.861961,N2,180.0,0.026714591620721522,0.026714591620721522,False,0.6406628526754405,LOW RISK,NORMAL,SHORTEST PATH,105,False,87.7493422070769
1778415175.861961,N3,180.0,0.016190151691260438,0.016190151691260438,False,0.8049998326488139,HIGH RISK,NORMAL,SHORTEST PATH,568,False,72.99120698144462
1778415176.861961,N1,181.0,0.10261765349201998,0.10261765349201998,True,0.2680411799588669,LOW RISK,NORMAL,SHORTEST PATH,448,True,89.24940531007107
1778415176.861961,N2,181.0,0.08172735316809858,0.08172735316809858,True,0.27660417469506127,LOW RISK,NORMAL,SHORTEST PATH,434,False,63.27387732002866
1778415176.861961,N3,181.0,0.10175062166104233,0.10175062166104233,True,0.14358388730133742,LOW RISK,NORMAL,SHORTEST PATH,813,False,79.94559935578394
1778415177.861961,N1,182.0,0.06030683135245579,0.06030683135245579,False,0.6565381220747,LOW RISK,NORMAL,SHORTEST PATH,754,False,97.04294203876884
1778415177.861961,N2,182.0,0.04598458805493218,0.04598458805493218,False,0.2674983968471134,LOW RISK,NORMAL,SHORTEST PATH,122,False,86.81641128057089
1778415177.861961,N3,182.0,0.10603032539027907,0.10603032539027907,True,0.09573506455255654,LOW RISK,NORMAL,SHORTEST PATH,507,False,87.93211239864485
1778415178.861961,N1,183.0,0.10791128128219399,0.10791128128219399,True,0.7718863068168399,HIGH RISK,NORMAL,SHORTEST PATH,436,True,85.07447259259395
1778415178.861961,N2,183.0,0.06093789938692977,0.06093789938692977,False,0.30317563931468616,LOW RISK,NORMAL,SHORTEST PATH,164,False,81.38536923336741
1778415178.861961,N3,183.0,0.10653705688775855,0.10653705688775855,True,0.8545856547453275,HIGH RISK,NORMAL,SHORTEST PATH,728,False,70.24959040765845
1778415179.861961,N1,184.0,0.06748147539670087,0.06748147539670087,False,0.024759514435395702,LOW RISK,NORMAL,SHORTEST PATH,856,True,87.13540251774091
1778415179.861961,N2,184.0,0.0768938890492044,0.0768938890492044,False,0.3067154048376596,LOW RISK,NORMAL,SHORTEST PATH,759,False,72.12610266110443
1778415179.861961,N3,184.0,0.09787272355468978,0.09787272355468978,True,0.3397914079015163,LOW RISK,NORMAL,SHORTEST PATH,211,False,75.47333677304559
1778415180.861961,N1,185.0,0.010363098140801085,0.010363098140801085,False,0.3371523915597423,LOW RISK,NORMAL,SHORTEST PATH,907,False,74.01062487678041
1778415180.861961,N2,185.0,0.019354037699097913,0.019354037699097913,False,0.10271669613291357,LOW RISK,NORMAL,SHORTEST PATH,644,True,63.73414938481111
1778415180.861961,N3,185.0,0.052401668951056,0.052401668951056,False,0.848560785325383,HIGH RISK,NORMAL,SHORTEST PATH,146,True,65.22815134230233
1778415181.861961,N1,186.0,0.01399563929205207,0.01399563929205207,False,0.2931866843374906,LOW RISK,NORMAL,SHORTEST PATH,699,False,84.45486466248161
1778415181.861961,N2,186.0,0.08815956046484077,0.08815956046484077,True,0.5432587789775242,LOW RISK,NORMAL,SHORTEST PATH,498,True,96.24518922738815
1778415181.861961,N3,186.0,0.03489637727291519,0.03489637727291519,False,0.9496311814958757,HIGH RISK,NORMAL,SHORTEST PATH,733,False,74.68624660134124
1778415182.861961,N1,187.0,0.008665725763009063,0.008665725763009063,False,0.048731823022571175,LOW RISK,NORMAL,SHORTEST PATH,839,True,94.64721449909153
1778415182.861961,N2,187.0,0.050162266130855726,0.050162266130855726,False,0.14959032652288884,LOW RISK,NORMAL,SHORTEST PATH,854,False,63.467099658920965
1778415182.861961,N3,187.0,0.11928424927172579,0.11928424927172579,True,0.9679646560083517,HIGH RISK,NORMAL,SHORTEST PATH,665,False,71.43910882949868
1778415183.861961,N1,188.0,0.07226851206060374,0.07226851206060374,False,0.8395055482884335,HIGH RISK,NORMAL,SHORTEST PATH,347,False,96.57019182519659
1778415183.861961,N2,188.0,0.08774461521650448,0.08774461521650448,True,0.75902147108431,HIGH RISK,NORMAL,SHORTEST PATH,567,False,95.63879781364867
1778415183.861961,N3,188.0,0.01751355591044692,0.01751355591044692,False,0.7504251718391791,HIGH RISK,NORMAL,SHORTEST PATH,235,False,82.60559515088246
1778415184.861961,N1,189.0,0.025754635003255227,0.025754635003255227,False,0.04765240909248725,LOW RISK,NORMAL,SHORTEST PATH,357,False,92.5977313314713
1778415184.861961,N2,189.0,0.04796917179356201,0.04796917179356201,False,0.11913829134812526,LOW RISK,NORMAL,SHORTEST PATH,871,False,60.1867332580906
1778415184.861961,N3,189.0,0.07157494822993767,0.07157494822993767,False,0.5704120018399227,LOW RISK,NORMAL,SHORTEST PATH,177,False,88.00827130785149
1778415185.861961,N1,190.0,0.11076246033043285,0.11076246033043285,True,0.9497395322364298,HIGH RISK,NORMAL,SHORTEST PATH,805,False,64.93255246732804
1778415185.861961,N2,190.0,0.0883552998672477,0.0883552998672477,True,0.3971232989360579,LOW RISK,NORMAL,SHORTEST PATH,204,False,82.46046594411959
1778415185.861961,N3,190.0,0.1110580129545666,0.1110580129545666,True,0.4474693377279294,LOW RISK,NORMAL,SHORTEST PATH,980,True,86.69493860925748
1778415186.861961,N1,191.0,0.06799665096186358,0.06799665096186358,False,0.40712226332744683,LOW RISK,NORMAL,SHORTEST PATH,881,False,75.80761184288568
1778415186.861961,N2,191.0,0.018918739777908433,0.018918739777908433,False,0.9597822403544909,HIGH RISK,NORMAL,SHORTEST PATH,908,False,65.2036731579631
1778415186.861961,N3,191.0,0.09012356031875698,0.09012356031875698,True,0.8043987888460349,HIGH RISK,NORMAL,SHORTEST PATH,849,True,73.4409228021575
1778415187.861961,N1,192.0,0.11746717030922604,0.11746717030922604,True,0.29189747159602597,LOW RISK,NORMAL,SHORTEST PATH,133,False,88.16906872450173
1778415187.861961,N2,192.0,0.1103136827848629,0.1103136827848629,True,0.011212258388545449,LOW RISK,NORMAL,SHORTEST PATH,541,False,73.9170788921731
1778415187.861961,N3,192.0,0.01766498161836266,0.01766498161836266,False,0.8349067644313785,HIGH RISK,NORMAL,SHORTEST PATH,836,True,99.06747420198835
1778415188.861961,N1,193.0,0.03830938096317914,0.03830938096317914,False,0.37645830310719863,LOW RISK,NORMAL,SHORTEST PATH,53,False,73.24614914790715
1778415188.861961,N2,193.0,0.03046497370871733,0.03046497370871733,False,0.8144637556629706,HIGH RISK,NORMAL,SHORTEST PATH,474,False,90.38037456937393
1778415188.861961,N3,193.0,0.021583813917286757,0.021583813917286757,False,0.8758063701074653,HIGH RISK,NORMAL,SHORTEST PATH,1014,False,78.8353509642788
1778415189.861961,N1,194.0,0.020598613037422366,0.020598613037422366,False,0.40931119523239856,LOW RISK,NORMAL,SHORTEST PATH,181,False,71.80229716767548
1778415189.861961,N2,194.0,0.09891846807637256,0.09891846807637256,True,0.07783575235582241,LOW RISK,NORMAL,SHORTEST PATH,658,False,91.28790152085037
1778415189.861961,N3,194.0,0.019079515367542932,0.019079515367542932,False,0.19180463753692634,LOW RISK,NORMAL,SHORTEST PATH,846,False,95.75019743546923
1778415190.861961,N1,195.0,0.05065515327553146,0.05065515327553146,False,0.6487720847585398,LOW RISK,NORMAL,SHORTEST PATH,504,False,66.20971331080686
1778415190.861961,N2,195.0,0.11602341158904825,0.11602341158904825,True,0.9233776769375353,HIGH RISK,NORMAL,SHORTEST PATH,399,False,85.51432764537303
1778415190.861961,N3,195.0,0.05581879481205705,0.05581879481205705,False,0.09080916224759894,LOW RISK,NORMAL,SHORTEST PATH,573,False,71.98425550024939
1778415191.861961,N1,196.0,0.05168215299512212,0.05168215299512212,False,0.2658943585082123,LOW RISK,NORMAL,SHORTEST PATH,704,True,62.418313706997694
1778415191.861961,N2,196.0,0.02489788555535743,0.02489788555535743,False,0.6588624008411672,LOW RISK,NORMAL,SHORTEST PATH,87,False,88.365402916696
1778415191.861961,N3,196.0,0.04857916631398925,0.04857916631398925,False,0.1816802018599748,LOW RISK,NORMAL,SHORTEST PATH,1022,False,64.778634122222
1778415192.861961,N1,197.0,0.056072331281329886,0.056072331281329886,False,0.40116372346870477,LOW RISK,NORMAL,SHORTEST PATH,835,False,70.37663642468519
1778415192.861961,N2,197.0,0.08311354396035463,0.08311354396035463,True,0.4239802349997088,LOW RISK,NORMAL,SHORTEST PATH,887,False,92.85094669440755
1778415192.861961,N3,197.0,0.023522499475513554,0.023522499475513554,False,0.10708045499900798,LOW RISK,NORMAL,SHORTEST PATH,50,False,98.877462403789
1778415193.861961,N1,198.0,0.00897597546634113,0.00897597546634113,False,0.9720505639078525,HIGH RISK,NORMAL,SHORTEST PATH,25,True,67.59417996119507
1778415193.861961,N2,198.0,0.11402626938419964,0.11402626938419964,True,0.8796530089826443,HIGH RISK,NORMAL,SHORTEST PATH,887,False,70.79143463707183
1778415193.861961,N3,198.0,0.021131492333860392,0.021131492333860392,False,0.5292814968373104,LOW RISK,NORMAL,SHORTEST PATH,808,False,91.55782489250299
1778415194.861961,N1,199.0,0.1130028110338471,0.1130028110338471,True,0.8132044908720502,HIGH RISK,NORMAL,SHORTEST PATH,803,False,61.773674069628086
1778415194.861961,N2,199.0,0.05576884463431854,0.05576884463431854,False,0.8528973343705507,HIGH RISK,NORMAL,SHORTEST PATH,823,False,71.32249942148277
1778415194.861961,N3,199.0,0.11378428006000725,0.11378428006000725,True,0.07571498456543435,LOW RISK,NORMAL,SHORTEST PATH,667,False,99.95041187334074
